deployment_id,repository_id,application_id,deployment_timestamp,status
DEP-20730,REPO-15,APP-REPO-15,2025-11-01 06:28:57,SUCCESS
DEP-68390,REPO-5,APP-REPO-5,2026-04-12 09:37:33,SUCCESS
DEP-60132,REPO-13,APP-REPO-13,2026-03-22 11:03:55,SUCCESS
DEP-94320,REPO-18,APP-REPO-18,2026-07-02 09:00:28,SUCCESS
DEP-54245,REPO-4,APP-REPO-4,2026-05-09 15:30:32,SUCCESS
DEP-94529,REPO-12,APP-REPO-12,2026-08-27 05:56:01,SUCCESS
DEP-36188,REPO-18,APP-REPO-18,2026-06-16 07:42:00,SUCCESS
DEP-53463,REPO-11,APP-REPO-11,2026-04-29 09:43:56,SUCCESS
DEP-21362,REPO-11,APP-REPO-11,2026-08-28 20:45:03,SUCCESS
DEP-84498,REPO-15,APP-REPO-15,2026-06-20 09:32:50,SUCCESS
DEP-62550,REPO-2,APP-REPO-2,2025-10-08 22:02:48,SUCCESS
DEP-78125,REPO-7,APP-REPO-7,2026-09-16 23:49:47,SUCCESS
DEP-52964,REPO-3,APP-REPO-3,2026-09-12 20:32:14,SUCCESS
DEP-57069,REPO-6,APP-REPO-6,2026-02-12 15:59:43,SUCCESS
DEP-52413,REPO-15,APP-REPO-15,2025-12-01 10:36:32,FAILED
DEP-73273,REPO-5,APP-REPO-5,2026-04-11 22:43:09,FAILED
DEP-64262,REPO-8,APP-REPO-8,2026-04-13 04:54:33,SUCCESS
DEP-68856,REPO-1,APP-REPO-1,2026-08-06 04:24:22,SUCCESS
DEP-18783,REPO-13,APP-REPO-13,2025-11-20 11:09:27,SUCCESS
DEP-49722,REPO-10,APP-REPO-10,2025-12-16 06:18:55,SUCCESS
DEP-77537,REPO-2,APP-REPO-2,2025-10-12 11:29:48,SUCCESS
DEP-43903,REPO-11,APP-REPO-11,2026-05-06 09:47:09,SUCCESS
DEP-94852,REPO-6,APP-REPO-6,2026-09-10 18:59:12,SUCCESS
DEP-55706,REPO-0,APP-REPO-0,2026-01-02 16:09:48,SUCCESS
DEP-27125,REPO-18,APP-REPO-18,2026-04-17 17:01:46,SUCCESS
DEP-31679,REPO-17,APP-REPO-17,2026-07-19 16:51:05,SUCCESS
DEP-48270,REPO-11,APP-REPO-11,2026-06-29 09:03:15,SUCCESS
DEP-63429,REPO-2,APP-REPO-2,2025-12-25 22:27:16,SUCCESS
DEP-27603,REPO-10,APP-REPO-10,2026-03-04 02:12:40,SUCCESS
DEP-85513,REPO-1,APP-REPO-1,2026-06-16 09:51:00,SUCCESS
DEP-77915,REPO-19,APP-REPO-19,2025-10-09 14:31:50,SUCCESS
DEP-86406,REPO-6,APP-REPO-6,2026-06-21 14:59:57,SUCCESS
DEP-81898,REPO-5,APP-REPO-5,2026-08-22 15:31:12,SUCCESS
DEP-11653,REPO-4,APP-REPO-4,2025-10-29 16:40:45,SUCCESS
DEP-68066,REPO-3,APP-REPO-3,2026-08-14 16:35:21,SUCCESS
DEP-79048,REPO-15,APP-REPO-15,2026-07-01 12:04:55,SUCCESS
DEP-99983,REPO-10,APP-REPO-10,2026-04-01 20:20:34,SUCCESS
DEP-29073,REPO-18,APP-REPO-18,2025-10-02 19:55:57,FAILED
DEP-71441,REPO-7,APP-REPO-7,2026-06-21 07:53:19,SUCCESS
DEP-42346,REPO-6,APP-REPO-6,2026-02-05 09:29:50,SUCCESS
DEP-16426,REPO-11,APP-REPO-11,2026-01-19 18:41:37,SUCCESS
DEP-98142,REPO-10,APP-REPO-10,2026-04-18 03:48:25,SUCCESS
DEP-49286,REPO-4,APP-REPO-4,2026-04-28 15:55:16,SUCCESS
DEP-62978,REPO-9,APP-REPO-9,2026-02-13 19:08:51,SUCCESS
DEP-54937,REPO-14,APP-REPO-14,2025-10-11 11:08:11,SUCCESS
DEP-21322,REPO-2,APP-REPO-2,2026-06-15 14:21:36,SUCCESS
DEP-43847,REPO-10,APP-REPO-10,2025-12-22 05:34:46,SUCCESS
DEP-72391,REPO-0,APP-REPO-0,2026-08-11 11:39:38,SUCCESS
DEP-49478,REPO-5,APP-REPO-5,2026-01-23 10:59:51,SUCCESS
DEP-21334,REPO-9,APP-REPO-9,2025-10-04 08:58:51,SUCCESS
DEP-64758,REPO-7,APP-REPO-7,2026-02-21 19:09:01,FAILED
DEP-69302,REPO-15,APP-REPO-15,2025-11-04 15:36:54,SUCCESS
DEP-81584,REPO-0,APP-REPO-0,2026-01-28 06:32:14,SUCCESS
DEP-47831,REPO-9,APP-REPO-9,2025-12-08 22:33:34,SUCCESS
DEP-47940,REPO-8,APP-REPO-8,2026-05-05 04:31:57,SUCCESS
DEP-78898,REPO-5,APP-REPO-5,2026-03-16 14:03:34,SUCCESS
DEP-46356,REPO-19,APP-REPO-19,2025-10-13 10:41:10,SUCCESS
DEP-33704,REPO-6,APP-REPO-6,2025-12-09 17:08:29,SUCCESS
DEP-74441,REPO-13,APP-REPO-13,2025-11-21 05:12:38,SUCCESS
DEP-54385,REPO-12,APP-REPO-12,2026-04-09 09:23:36,SUCCESS
DEP-97475,REPO-18,APP-REPO-18,2026-03-19 06:30:10,SUCCESS
DEP-45118,REPO-0,APP-REPO-0,2026-05-21 02:12:44,SUCCESS
DEP-73680,REPO-8,APP-REPO-8,2025-10-18 08:47:28,FAILED
DEP-17330,REPO-13,APP-REPO-13,2026-06-10 15:30:18,SUCCESS
DEP-67986,REPO-12,APP-REPO-12,2026-02-21 03:05:43,FAILED
DEP-23159,REPO-2,APP-REPO-2,2025-11-13 08:55:49,SUCCESS
DEP-88654,REPO-6,APP-REPO-6,2026-05-30 08:16:52,SUCCESS
DEP-10540,REPO-5,APP-REPO-5,2025-10-08 06:40:06,SUCCESS
DEP-77194,REPO-13,APP-REPO-13,2026-01-21 05:00:38,SUCCESS
DEP-61166,REPO-16,APP-REPO-16,2025-12-15 15:38:25,SUCCESS
DEP-92279,REPO-18,APP-REPO-18,2026-01-26 07:34:57,SUCCESS
DEP-24461,REPO-6,APP-REPO-6,2026-03-26 16:39:06,SUCCESS
DEP-27407,REPO-18,APP-REPO-18,2026-09-04 16:07:30,SUCCESS
DEP-51720,REPO-3,APP-REPO-3,2026-02-21 03:08:52,SUCCESS
DEP-93681,REPO-15,APP-REPO-15,2026-01-23 05:45:15,SUCCESS
DEP-42765,REPO-0,APP-REPO-0,2026-02-13 11:19:38,SUCCESS
DEP-18523,REPO-3,APP-REPO-3,2026-02-22 04:00:07,SUCCESS
DEP-26512,REPO-10,APP-REPO-10,2026-06-14 04:51:35,SUCCESS
DEP-93958,REPO-4,APP-REPO-4,2025-10-29 20:02:42,SUCCESS
DEP-84199,REPO-10,APP-REPO-10,2026-03-07 11:07:42,SUCCESS
DEP-27143,REPO-11,APP-REPO-11,2026-05-08 19:33:04,SUCCESS
DEP-77212,REPO-12,APP-REPO-12,2025-10-17 11:10:59,SUCCESS
DEP-38476,REPO-1,APP-REPO-1,2026-06-10 13:06:24,SUCCESS
DEP-31150,REPO-14,APP-REPO-14,2026-03-26 03:49:26,SUCCESS
DEP-36212,REPO-9,APP-REPO-9,2026-01-06 22:39:06,FAILED
DEP-40488,REPO-19,APP-REPO-19,2025-12-29 20:27:08,SUCCESS
DEP-31734,REPO-2,APP-REPO-2,2026-01-07 18:27:47,SUCCESS
DEP-24322,REPO-9,APP-REPO-9,2026-04-05 22:34:14,SUCCESS
DEP-53287,REPO-10,APP-REPO-10,2025-11-24 20:39:31,SUCCESS
DEP-48905,REPO-19,APP-REPO-19,2025-11-07 10:45:29,SUCCESS
DEP-81819,REPO-5,APP-REPO-5,2025-12-28 13:59:02,SUCCESS
DEP-81828,REPO-15,APP-REPO-15,2026-07-31 20:00:21,SUCCESS
DEP-66840,REPO-18,APP-REPO-18,2025-10-11 06:45:58,SUCCESS
DEP-80645,REPO-0,APP-REPO-0,2026-09-18 12:01:57,SUCCESS
DEP-78235,REPO-13,APP-REPO-13,2026-03-07 14:56:49,SUCCESS
DEP-27881,REPO-9,APP-REPO-9,2026-04-18 02:44:51,SUCCESS
DEP-32913,REPO-16,APP-REPO-16,2026-07-02 11:34:05,SUCCESS
DEP-60967,REPO-15,APP-REPO-15,2026-01-02 13:54:21,SUCCESS
DEP-87189,REPO-3,APP-REPO-3,2026-05-21 15:36:25,SUCCESS
DEP-16752,REPO-17,APP-REPO-17,2026-08-25 18:58:56,SUCCESS
DEP-81994,REPO-6,APP-REPO-6,2025-12-20 00:22:57,SUCCESS
DEP-39428,REPO-9,APP-REPO-9,2026-06-27 02:05:51,SUCCESS
DEP-29482,REPO-3,APP-REPO-3,2026-07-30 17:33:29,SUCCESS
DEP-46500,REPO-10,APP-REPO-10,2026-05-28 09:10:34,SUCCESS
DEP-57298,REPO-0,APP-REPO-0,2026-05-22 20:33:00,SUCCESS
DEP-17322,REPO-4,APP-REPO-4,2026-08-01 12:35:12,SUCCESS
DEP-84981,REPO-5,APP-REPO-5,2026-06-27 17:09:24,SUCCESS
DEP-71398,REPO-1,APP-REPO-1,2026-02-04 00:59:44,SUCCESS
DEP-29331,REPO-18,APP-REPO-18,2026-07-30 11:44:58,SUCCESS
DEP-37259,REPO-19,APP-REPO-19,2026-07-08 02:31:31,SUCCESS
DEP-96463,REPO-13,APP-REPO-13,2026-01-24 14:51:32,SUCCESS
DEP-43169,REPO-6,APP-REPO-6,2026-05-19 23:04:31,SUCCESS
DEP-55723,REPO-8,APP-REPO-8,2026-01-21 21:16:19,SUCCESS
DEP-49586,REPO-1,APP-REPO-1,2026-05-01 22:24:07,SUCCESS
DEP-41013,REPO-5,APP-REPO-5,2026-02-09 00:53:46,SUCCESS
DEP-18169,REPO-10,APP-REPO-10,2026-07-19 15:49:30,SUCCESS
DEP-91509,REPO-7,APP-REPO-7,2026-06-09 17:21:21,SUCCESS
DEP-59114,REPO-13,APP-REPO-13,2026-04-06 02:44:41,SUCCESS
DEP-42105,REPO-11,APP-REPO-11,2026-07-26 15:54:45,SUCCESS
DEP-69515,REPO-3,APP-REPO-3,2026-01-26 07:03:35,SUCCESS
DEP-13136,REPO-13,APP-REPO-13,2026-07-20 16:33:28,SUCCESS
DEP-65927,REPO-3,APP-REPO-3,2026-01-15 10:10:29,SUCCESS
DEP-96655,REPO-10,APP-REPO-10,2026-04-24 02:00:59,SUCCESS
DEP-49334,REPO-8,APP-REPO-8,2026-01-27 21:44:07,SUCCESS
DEP-96587,REPO-9,APP-REPO-9,2025-12-15 22:02:45,SUCCESS
DEP-61595,REPO-13,APP-REPO-13,2026-03-21 23:30:17,SUCCESS
DEP-22502,REPO-7,APP-REPO-7,2026-06-27 02:50:02,SUCCESS
DEP-40465,REPO-15,APP-REPO-15,2026-05-08 23:20:38,SUCCESS
DEP-65758,REPO-5,APP-REPO-5,2025-10-08 07:02:47,SUCCESS
DEP-83464,REPO-2,APP-REPO-2,2026-07-04 13:08:13,SUCCESS
DEP-97823,REPO-8,APP-REPO-8,2025-10-18 10:46:44,SUCCESS
DEP-51481,REPO-17,APP-REPO-17,2026-04-18 23:15:14,SUCCESS
DEP-50341,REPO-0,APP-REPO-0,2026-03-10 05:01:58,SUCCESS
DEP-47839,REPO-18,APP-REPO-18,2026-03-30 08:54:09,SUCCESS
DEP-88230,REPO-13,APP-REPO-13,2026-01-25 02:02:57,SUCCESS
DEP-57823,REPO-3,APP-REPO-3,2026-03-21 23:32:49,SUCCESS
DEP-84588,REPO-13,APP-REPO-13,2026-05-15 15:50:22,FAILED
DEP-20323,REPO-10,APP-REPO-10,2026-01-29 00:05:25,SUCCESS
DEP-27261,REPO-13,APP-REPO-13,2026-04-19 04:17:14,SUCCESS
DEP-53418,REPO-7,APP-REPO-7,2026-06-19 17:28:22,SUCCESS
DEP-80430,REPO-1,APP-REPO-1,2026-01-30 11:42:44,SUCCESS
DEP-92479,REPO-1,APP-REPO-1,2026-02-22 21:50:41,SUCCESS
DEP-33878,REPO-17,APP-REPO-17,2025-10-10 21:30:06,FAILED
DEP-68090,REPO-16,APP-REPO-16,2026-06-28 03:07:31,SUCCESS
DEP-24003,REPO-12,APP-REPO-12,2026-09-07 22:31:48,SUCCESS
DEP-51151,REPO-17,APP-REPO-17,2026-02-27 01:33:12,SUCCESS
DEP-21498,REPO-2,APP-REPO-2,2025-09-29 05:26:04,SUCCESS
DEP-37339,REPO-4,APP-REPO-4,2026-07-23 08:13:25,FAILED
DEP-24338,REPO-5,APP-REPO-5,2026-05-03 15:37:49,SUCCESS
DEP-65215,REPO-19,APP-REPO-19,2026-07-05 04:16:34,SUCCESS
DEP-69850,REPO-0,APP-REPO-0,2025-10-30 10:04:29,SUCCESS
DEP-72472,REPO-18,APP-REPO-18,2026-06-04 22:28:25,SUCCESS
DEP-68340,REPO-4,APP-REPO-4,2026-01-22 20:58:55,SUCCESS
DEP-22930,REPO-13,APP-REPO-13,2026-09-21 20:02:42,SUCCESS
DEP-58730,REPO-3,APP-REPO-3,2026-05-22 02:33:23,SUCCESS
DEP-82712,REPO-9,APP-REPO-9,2026-08-11 02:45:23,SUCCESS
DEP-54741,REPO-16,APP-REPO-16,2026-03-29 22:30:13,SUCCESS
DEP-13124,REPO-6,APP-REPO-6,2026-04-16 20:08:36,SUCCESS
DEP-68314,REPO-17,APP-REPO-17,2026-05-27 10:16:43,SUCCESS
DEP-24031,REPO-14,APP-REPO-14,2026-04-11 04:28:30,SUCCESS
DEP-39847,REPO-17,APP-REPO-17,2026-05-28 17:53:34,SUCCESS
DEP-26794,REPO-19,APP-REPO-19,2026-06-21 13:13:11,SUCCESS
DEP-60350,REPO-19,APP-REPO-19,2026-06-27 14:10:14,SUCCESS
DEP-36222,REPO-19,APP-REPO-19,2026-09-19 22:26:00,SUCCESS
DEP-75717,REPO-18,APP-REPO-18,2025-11-25 20:47:40,FAILED
DEP-38714,REPO-10,APP-REPO-10,2026-05-23 14:39:02,SUCCESS
DEP-34684,REPO-13,APP-REPO-13,2025-10-07 12:43:42,FAILED
DEP-65301,REPO-0,APP-REPO-0,2026-02-19 19:07:39,SUCCESS
DEP-92745,REPO-15,APP-REPO-15,2025-10-20 11:57:20,SUCCESS
DEP-63266,REPO-16,APP-REPO-16,2025-11-20 04:24:34,SUCCESS
DEP-76787,REPO-11,APP-REPO-11,2026-04-11 00:25:25,SUCCESS
DEP-59151,REPO-9,APP-REPO-9,2026-04-23 22:43:24,SUCCESS
DEP-43398,REPO-2,APP-REPO-2,2025-10-08 23:41:35,SUCCESS
DEP-42197,REPO-5,APP-REPO-5,2026-01-03 04:57:11,FAILED
DEP-59535,REPO-16,APP-REPO-16,2025-11-07 20:13:20,SUCCESS
DEP-30191,REPO-19,APP-REPO-19,2026-08-23 01:04:24,SUCCESS
DEP-54054,REPO-15,APP-REPO-15,2026-03-05 14:41:44,SUCCESS
DEP-65358,REPO-15,APP-REPO-15,2026-07-16 22:41:47,SUCCESS
DEP-87396,REPO-4,APP-REPO-4,2026-08-11 02:43:15,SUCCESS
DEP-18648,REPO-17,APP-REPO-17,2026-07-09 06:22:50,SUCCESS
DEP-31271,REPO-12,APP-REPO-12,2025-09-29 13:33:35,SUCCESS
DEP-74798,REPO-15,APP-REPO-15,2026-05-30 03:46:22,SUCCESS
DEP-93634,REPO-18,APP-REPO-18,2026-07-03 03:06:05,SUCCESS
DEP-92250,REPO-9,APP-REPO-9,2026-01-23 19:21:32,SUCCESS
DEP-86833,REPO-15,APP-REPO-15,2026-08-20 02:57:22,SUCCESS
DEP-22252,REPO-8,APP-REPO-8,2026-01-10 23:48:02,SUCCESS
DEP-69382,REPO-5,APP-REPO-5,2026-08-25 00:03:41,SUCCESS
DEP-81259,REPO-4,APP-REPO-4,2026-04-14 01:00:26,SUCCESS
DEP-75332,REPO-17,APP-REPO-17,2026-02-25 18:17:42,SUCCESS
DEP-18064,REPO-16,APP-REPO-16,2025-10-19 06:56:37,SUCCESS
DEP-78664,REPO-0,APP-REPO-0,2025-12-14 18:34:07,SUCCESS
DEP-66186,REPO-17,APP-REPO-17,2026-02-25 20:24:04,SUCCESS
DEP-62803,REPO-2,APP-REPO-2,2025-11-13 01:28:33,SUCCESS
DEP-34952,REPO-18,APP-REPO-18,2026-04-11 11:41:18,SUCCESS
DEP-78184,REPO-7,APP-REPO-7,2026-02-28 00:07:50,SUCCESS
DEP-31527,REPO-4,APP-REPO-4,2025-12-02 05:13:49,SUCCESS
DEP-16251,REPO-11,APP-REPO-11,2026-06-10 06:54:49,SUCCESS
DEP-93763,REPO-4,APP-REPO-4,2025-10-14 01:02:03,SUCCESS
DEP-33228,REPO-14,APP-REPO-14,2025-12-16 09:46:59,SUCCESS
DEP-12026,REPO-1,APP-REPO-1,2025-10-02 18:52:03,SUCCESS
DEP-14952,REPO-13,APP-REPO-13,2026-07-22 01:39:49,SUCCESS
DEP-54588,REPO-18,APP-REPO-18,2025-12-27 18:30:53,SUCCESS
DEP-19766,REPO-8,APP-REPO-8,2025-11-18 03:04:02,SUCCESS
DEP-47753,REPO-10,APP-REPO-10,2025-12-15 06:22:35,SUCCESS
DEP-39109,REPO-16,APP-REPO-16,2026-05-20 06:07:03,SUCCESS
DEP-19121,REPO-0,APP-REPO-0,2026-05-31 19:31:52,SUCCESS
DEP-94596,REPO-17,APP-REPO-17,2026-04-23 14:16:12,SUCCESS
DEP-13836,REPO-14,APP-REPO-14,2025-12-04 04:41:39,SUCCESS
DEP-47990,REPO-9,APP-REPO-9,2025-10-01 22:35:55,SUCCESS
DEP-67458,REPO-17,APP-REPO-17,2025-11-29 00:25:06,SUCCESS
DEP-85569,REPO-6,APP-REPO-6,2025-12-31 19:25:28,SUCCESS
DEP-35945,REPO-1,APP-REPO-1,2026-05-09 13:54:39,SUCCESS
DEP-65372,REPO-0,APP-REPO-0,2026-08-30 14:24:14,SUCCESS
DEP-93864,REPO-9,APP-REPO-9,2025-09-29 11:01:58,SUCCESS
DEP-74491,REPO-14,APP-REPO-14,2025-12-18 12:22:07,SUCCESS
DEP-67340,REPO-6,APP-REPO-6,2026-09-16 12:39:05,SUCCESS
DEP-18781,REPO-16,APP-REPO-16,2026-02-04 16:20:59,SUCCESS
DEP-81532,REPO-5,APP-REPO-5,2026-06-12 06:33:13,SUCCESS
DEP-58994,REPO-4,APP-REPO-4,2026-07-05 14:44:00,SUCCESS
DEP-98387,REPO-2,APP-REPO-2,2026-06-25 13:12:36,SUCCESS
DEP-91598,REPO-8,APP-REPO-8,2025-11-28 04:24:32,SUCCESS
DEP-37150,REPO-2,APP-REPO-2,2026-06-22 15:03:26,SUCCESS
DEP-34159,REPO-4,APP-REPO-4,2025-11-09 05:42:06,SUCCESS
DEP-57451,REPO-8,APP-REPO-8,2026-01-20 06:10:14,SUCCESS
DEP-18817,REPO-5,APP-REPO-5,2026-08-22 04:12:29,SUCCESS
DEP-40086,REPO-7,APP-REPO-7,2026-05-30 01:07:21,SUCCESS
DEP-43113,REPO-8,APP-REPO-8,2025-10-05 07:54:57,SUCCESS
DEP-21835,REPO-12,APP-REPO-12,2025-11-05 13:41:50,SUCCESS
DEP-20832,REPO-19,APP-REPO-19,2025-12-16 12:38:37,SUCCESS
DEP-67071,REPO-7,APP-REPO-7,2025-10-12 03:35:55,SUCCESS
DEP-22419,REPO-19,APP-REPO-19,2026-09-13 07:01:22,SUCCESS
DEP-47728,REPO-11,APP-REPO-11,2026-02-13 10:10:16,SUCCESS
DEP-57077,REPO-19,APP-REPO-19,2026-09-12 21:48:44,SUCCESS
DEP-34388,REPO-10,APP-REPO-10,2026-02-20 10:09:23,SUCCESS
DEP-89777,REPO-10,APP-REPO-10,2026-08-06 00:07:53,SUCCESS
DEP-57173,REPO-8,APP-REPO-8,2026-05-05 09:22:28,SUCCESS
DEP-97387,REPO-6,APP-REPO-6,2026-08-12 17:04:39,SUCCESS
DEP-45006,REPO-2,APP-REPO-2,2026-05-20 20:14:23,SUCCESS
DEP-87941,REPO-6,APP-REPO-6,2025-12-03 20:55:40,SUCCESS
DEP-50153,REPO-10,APP-REPO-10,2025-10-16 17:44:29,SUCCESS
DEP-95283,REPO-18,APP-REPO-18,2026-08-26 02:37:27,SUCCESS
DEP-37982,REPO-7,APP-REPO-7,2026-04-02 14:31:23,SUCCESS
DEP-31890,REPO-3,APP-REPO-3,2026-05-05 20:51:57,SUCCESS
DEP-67583,REPO-3,APP-REPO-3,2026-02-11 09:48:39,SUCCESS
DEP-74617,REPO-17,APP-REPO-17,2025-12-09 14:19:04,SUCCESS
DEP-76631,REPO-8,APP-REPO-8,2026-02-02 13:52:30,SUCCESS
DEP-53961,REPO-9,APP-REPO-9,2026-06-30 07:49:59,SUCCESS
DEP-77970,REPO-1,APP-REPO-1,2026-06-19 04:45:14,SUCCESS
DEP-79306,REPO-11,APP-REPO-11,2026-05-11 21:47:56,SUCCESS
DEP-20339,REPO-6,APP-REPO-6,2025-11-07 06:43:23,SUCCESS
DEP-14282,REPO-18,APP-REPO-18,2026-07-05 16:03:58,SUCCESS
DEP-30052,REPO-10,APP-REPO-10,2025-12-14 10:20:34,SUCCESS
DEP-32364,REPO-11,APP-REPO-11,2026-05-04 20:06:21,FAILED
DEP-16559,REPO-15,APP-REPO-15,2026-04-12 17:56:35,SUCCESS
DEP-19690,REPO-16,APP-REPO-16,2026-01-05 11:43:17,SUCCESS
DEP-10197,REPO-12,APP-REPO-12,2026-09-05 03:13:48,SUCCESS
DEP-63806,REPO-11,APP-REPO-11,2026-01-31 00:45:36,FAILED
DEP-68525,REPO-15,APP-REPO-15,2025-11-23 13:26:58,SUCCESS
DEP-12593,REPO-5,APP-REPO-5,2025-10-13 22:49:41,SUCCESS
DEP-44917,REPO-11,APP-REPO-11,2026-05-28 14:37:15,SUCCESS
DEP-14115,REPO-19,APP-REPO-19,2026-09-03 07:40:22,SUCCESS
DEP-39423,REPO-15,APP-REPO-15,2025-11-19 11:20:33,SUCCESS
DEP-28043,REPO-14,APP-REPO-14,2026-03-07 17:03:17,SUCCESS
DEP-53877,REPO-13,APP-REPO-13,2025-11-07 07:36:46,SUCCESS
DEP-64936,REPO-0,APP-REPO-0,2026-07-24 22:49:33,SUCCESS
DEP-40493,REPO-4,APP-REPO-4,2026-08-02 02:42:42,SUCCESS
DEP-71646,REPO-0,APP-REPO-0,2026-05-08 20:38:09,SUCCESS
DEP-63768,REPO-8,APP-REPO-8,2026-03-20 18:13:19,SUCCESS
DEP-93101,REPO-8,APP-REPO-8,2026-07-16 11:09:03,SUCCESS
DEP-23311,REPO-11,APP-REPO-11,2025-11-28 09:14:22,SUCCESS
DEP-91448,REPO-12,APP-REPO-12,2026-06-23 01:30:03,SUCCESS
DEP-96820,REPO-13,APP-REPO-13,2026-08-12 13:57:13,SUCCESS
DEP-94255,REPO-11,APP-REPO-11,2026-07-08 16:49:36,SUCCESS
DEP-12396,REPO-16,APP-REPO-16,2026-01-07 00:35:24,SUCCESS
DEP-14251,REPO-6,APP-REPO-6,2025-12-08 19:48:51,SUCCESS
DEP-44023,REPO-3,APP-REPO-3,2026-08-21 03:57:57,SUCCESS
DEP-28617,REPO-13,APP-REPO-13,2026-06-26 14:47:08,SUCCESS
DEP-26027,REPO-15,APP-REPO-15,2026-04-29 04:13:48,SUCCESS
DEP-75962,REPO-10,APP-REPO-10,2026-09-15 00:40:09,SUCCESS
DEP-37069,REPO-8,APP-REPO-8,2026-04-16 12:09:45,SUCCESS
DEP-23973,REPO-2,APP-REPO-2,2026-05-09 00:35:13,SUCCESS
DEP-33484,REPO-11,APP-REPO-11,2025-12-15 02:06:46,FAILED
DEP-90711,REPO-7,APP-REPO-7,2025-12-11 06:06:28,SUCCESS
DEP-22817,REPO-19,APP-REPO-19,2026-09-21 19:43:21,SUCCESS
DEP-45452,REPO-7,APP-REPO-7,2026-02-01 03:39:58,SUCCESS
DEP-63180,REPO-5,APP-REPO-5,2025-11-07 17:24:53,SUCCESS
DEP-22274,REPO-7,APP-REPO-7,2025-11-10 11:25:23,SUCCESS
DEP-61238,REPO-12,APP-REPO-12,2026-06-09 02:17:07,SUCCESS
DEP-90900,REPO-7,APP-REPO-7,2026-07-02 08:04:33,SUCCESS
DEP-47710,REPO-2,APP-REPO-2,2026-05-05 08:02:17,SUCCESS
DEP-14147,REPO-6,APP-REPO-6,2025-12-26 07:37:05,SUCCESS
DEP-19104,REPO-6,APP-REPO-6,2026-01-15 02:42:04,SUCCESS
DEP-29549,REPO-9,APP-REPO-9,2026-09-18 11:53:34,SUCCESS
DEP-76022,REPO-6,APP-REPO-6,2025-11-13 03:10:31,SUCCESS
DEP-30937,REPO-18,APP-REPO-18,2026-08-09 22:17:18,SUCCESS
DEP-99190,REPO-6,APP-REPO-6,2026-08-26 09:00:27,SUCCESS
DEP-22536,REPO-7,APP-REPO-7,2026-06-05 20:39:03,SUCCESS
DEP-75947,REPO-13,APP-REPO-13,2026-08-20 15:05:06,SUCCESS
DEP-20336,REPO-3,APP-REPO-3,2026-06-02 10:10:45,SUCCESS
DEP-99619,REPO-12,APP-REPO-12,2026-05-09 06:54:58,SUCCESS
DEP-63228,REPO-13,APP-REPO-13,2026-02-10 18:00:02,SUCCESS
DEP-63033,REPO-2,APP-REPO-2,2026-01-01 13:39:32,SUCCESS
DEP-59054,REPO-10,APP-REPO-10,2026-09-13 02:50:59,SUCCESS
DEP-44389,REPO-1,APP-REPO-1,2026-06-06 08:28:41,SUCCESS
DEP-27405,REPO-13,APP-REPO-13,2026-06-01 00:48:43,SUCCESS
DEP-71597,REPO-6,APP-REPO-6,2026-04-01 13:54:48,FAILED
DEP-46435,REPO-1,APP-REPO-1,2026-02-25 21:39:21,SUCCESS
DEP-85109,REPO-15,APP-REPO-15,2026-06-09 04:27:34,SUCCESS
DEP-39884,REPO-4,APP-REPO-4,2026-06-09 20:39:55,SUCCESS
DEP-81061,REPO-18,APP-REPO-18,2026-06-24 23:04:01,SUCCESS
DEP-22883,REPO-17,APP-REPO-17,2026-09-04 00:29:36,SUCCESS
DEP-38576,REPO-14,APP-REPO-14,2026-09-20 14:56:33,SUCCESS
DEP-36011,REPO-15,APP-REPO-15,2026-01-16 01:41:14,SUCCESS
DEP-65477,REPO-9,APP-REPO-9,2025-11-03 08:11:50,SUCCESS
DEP-53440,REPO-3,APP-REPO-3,2026-06-18 23:22:31,SUCCESS
DEP-49307,REPO-11,APP-REPO-11,2026-08-14 08:35:22,SUCCESS
DEP-89922,REPO-18,APP-REPO-18,2026-08-24 09:18:26,SUCCESS
DEP-97509,REPO-18,APP-REPO-18,2026-09-01 09:16:47,SUCCESS
DEP-80256,REPO-15,APP-REPO-15,2025-11-05 03:43:07,SUCCESS
DEP-64475,REPO-11,APP-REPO-11,2025-10-05 17:14:09,SUCCESS
DEP-37362,REPO-4,APP-REPO-4,2025-10-26 00:27:52,SUCCESS
DEP-46174,REPO-17,APP-REPO-17,2026-05-03 22:38:43,SUCCESS
DEP-11058,REPO-18,APP-REPO-18,2026-02-08 06:32:20,FAILED
DEP-96054,REPO-14,APP-REPO-14,2026-08-22 23:56:49,SUCCESS
DEP-12472,REPO-6,APP-REPO-6,2025-10-07 05:04:36,SUCCESS
DEP-22073,REPO-18,APP-REPO-18,2025-10-18 23:08:01,SUCCESS
DEP-58461,REPO-12,APP-REPO-12,2026-01-14 17:32:36,SUCCESS
DEP-85574,REPO-10,APP-REPO-10,2025-10-26 19:10:18,SUCCESS
DEP-87153,REPO-9,APP-REPO-9,2026-07-05 12:02:57,SUCCESS
DEP-88934,REPO-13,APP-REPO-13,2026-07-20 06:23:56,SUCCESS
DEP-22813,REPO-10,APP-REPO-10,2026-02-06 09:10:24,SUCCESS
DEP-21569,REPO-0,APP-REPO-0,2026-03-14 12:54:22,SUCCESS
DEP-58300,REPO-4,APP-REPO-4,2025-10-19 03:37:30,SUCCESS
DEP-57040,REPO-2,APP-REPO-2,2026-01-13 23:29:22,SUCCESS
DEP-68064,REPO-3,APP-REPO-3,2026-03-17 00:04:06,SUCCESS
DEP-73994,REPO-4,APP-REPO-4,2026-09-15 15:14:25,SUCCESS
DEP-37854,REPO-8,APP-REPO-8,2026-08-11 11:07:02,SUCCESS
DEP-93901,REPO-17,APP-REPO-17,2026-05-15 07:03:07,SUCCESS
DEP-10119,REPO-19,APP-REPO-19,2026-05-13 08:06:08,SUCCESS
DEP-94185,REPO-10,APP-REPO-10,2025-11-03 13:56:06,SUCCESS
DEP-79090,REPO-2,APP-REPO-2,2025-12-17 19:08:39,SUCCESS
DEP-58577,REPO-10,APP-REPO-10,2026-08-12 08:20:53,SUCCESS
DEP-26392,REPO-7,APP-REPO-7,2026-01-14 10:24:26,SUCCESS
DEP-65993,REPO-15,APP-REPO-15,2026-03-13 19:51:07,SUCCESS
DEP-54074,REPO-0,APP-REPO-0,2026-09-08 11:56:26,SUCCESS
DEP-88659,REPO-17,APP-REPO-17,2025-11-04 23:03:55,SUCCESS
DEP-40230,REPO-0,APP-REPO-0,2025-12-19 03:27:41,SUCCESS
DEP-70030,REPO-2,APP-REPO-2,2026-05-11 17:57:26,FAILED
DEP-50425,REPO-6,APP-REPO-6,2025-12-26 00:15:38,SUCCESS
DEP-11787,REPO-6,APP-REPO-6,2026-06-01 01:59:19,SUCCESS
DEP-96684,REPO-16,APP-REPO-16,2026-02-03 09:33:41,SUCCESS
DEP-55081,REPO-5,APP-REPO-5,2026-06-08 10:27:21,SUCCESS
DEP-88343,REPO-1,APP-REPO-1,2026-07-12 16:50:30,SUCCESS
DEP-50445,REPO-3,APP-REPO-3,2026-03-03 18:32:05,SUCCESS
DEP-49574,REPO-1,APP-REPO-1,2026-04-18 04:05:47,SUCCESS
DEP-72529,REPO-15,APP-REPO-15,2026-02-07 22:15:40,SUCCESS
DEP-33527,REPO-17,APP-REPO-17,2025-11-21 14:47:17,SUCCESS
DEP-22339,REPO-1,APP-REPO-1,2026-05-02 15:23:53,SUCCESS
DEP-14039,REPO-9,APP-REPO-9,2026-07-30 08:34:43,SUCCESS
DEP-41701,REPO-12,APP-REPO-12,2025-12-10 03:19:29,SUCCESS
DEP-43731,REPO-6,APP-REPO-6,2026-01-03 12:09:32,SUCCESS
DEP-11082,REPO-17,APP-REPO-17,2026-05-27 18:55:02,SUCCESS
DEP-38166,REPO-13,APP-REPO-13,2026-09-09 06:43:47,SUCCESS
DEP-27046,REPO-15,APP-REPO-15,2026-06-08 09:05:52,SUCCESS
DEP-97972,REPO-7,APP-REPO-7,2025-12-01 16:18:33,SUCCESS
DEP-90005,REPO-2,APP-REPO-2,2025-10-02 11:29:35,SUCCESS
DEP-68523,REPO-13,APP-REPO-13,2025-12-13 02:54:17,SUCCESS
DEP-68261,REPO-11,APP-REPO-11,2025-12-03 03:28:19,SUCCESS
DEP-53815,REPO-15,APP-REPO-15,2026-01-11 06:30:55,SUCCESS
DEP-60127,REPO-1,APP-REPO-1,2026-01-03 01:34:31,SUCCESS
DEP-29915,REPO-8,APP-REPO-8,2026-01-21 13:15:33,SUCCESS
DEP-62315,REPO-5,APP-REPO-5,2025-10-17 20:54:40,SUCCESS
DEP-55559,REPO-4,APP-REPO-4,2025-12-13 19:05:56,SUCCESS
DEP-35366,REPO-1,APP-REPO-1,2025-12-27 16:41:54,SUCCESS
DEP-24520,REPO-17,APP-REPO-17,2025-11-17 19:49:47,SUCCESS
DEP-90134,REPO-19,APP-REPO-19,2025-12-08 23:09:14,SUCCESS
DEP-62808,REPO-18,APP-REPO-18,2026-06-07 21:24:34,SUCCESS
DEP-41587,REPO-4,APP-REPO-4,2026-02-05 00:24:46,SUCCESS
DEP-40209,REPO-1,APP-REPO-1,2026-03-14 07:29:03,SUCCESS
DEP-78562,REPO-15,APP-REPO-15,2026-07-26 05:29:24,SUCCESS
DEP-20827,REPO-6,APP-REPO-6,2026-09-15 06:16:33,SUCCESS
DEP-46721,REPO-8,APP-REPO-8,2026-03-04 02:14:36,SUCCESS
DEP-66208,REPO-1,APP-REPO-1,2026-05-31 12:33:03,SUCCESS
DEP-62629,REPO-10,APP-REPO-10,2026-05-12 03:33:54,FAILED
DEP-44606,REPO-18,APP-REPO-18,2026-04-07 03:49:16,SUCCESS
DEP-67512,REPO-0,APP-REPO-0,2026-08-13 19:39:34,SUCCESS
DEP-64638,REPO-0,APP-REPO-0,2025-12-09 07:10:00,SUCCESS
DEP-44721,REPO-2,APP-REPO-2,2025-12-04 00:04:34,SUCCESS
DEP-92804,REPO-17,APP-REPO-17,2026-09-19 19:27:42,SUCCESS
DEP-83424,REPO-7,APP-REPO-7,2026-05-19 12:53:33,SUCCESS
DEP-85412,REPO-11,APP-REPO-11,2026-06-08 22:46:35,SUCCESS
DEP-52298,REPO-15,APP-REPO-15,2025-12-30 09:08:20,SUCCESS
DEP-86391,REPO-14,APP-REPO-14,2026-06-29 08:17:22,SUCCESS
DEP-94880,REPO-12,APP-REPO-12,2025-11-20 07:50:53,SUCCESS
DEP-17287,REPO-0,APP-REPO-0,2026-08-24 02:04:49,SUCCESS
DEP-47242,REPO-4,APP-REPO-4,2026-04-03 09:43:35,SUCCESS
DEP-27248,REPO-9,APP-REPO-9,2026-01-10 09:22:30,SUCCESS
DEP-66698,REPO-13,APP-REPO-13,2026-06-06 16:56:15,SUCCESS
DEP-55364,REPO-14,APP-REPO-14,2026-07-17 00:11:09,SUCCESS
DEP-40337,REPO-2,APP-REPO-2,2025-10-18 10:23:38,SUCCESS
DEP-60645,REPO-14,APP-REPO-14,2026-03-23 09:43:43,SUCCESS
DEP-68947,REPO-15,APP-REPO-15,2025-10-06 03:41:44,SUCCESS
DEP-41929,REPO-4,APP-REPO-4,2026-08-10 09:29:21,SUCCESS
DEP-41644,REPO-15,APP-REPO-15,2025-11-20 12:15:38,SUCCESS
DEP-70621,REPO-1,APP-REPO-1,2026-06-30 06:06:42,SUCCESS
DEP-91853,REPO-17,APP-REPO-17,2026-02-18 23:48:29,SUCCESS
DEP-57553,REPO-8,APP-REPO-8,2026-08-02 23:33:02,SUCCESS
DEP-51028,REPO-19,APP-REPO-19,2026-03-21 05:13:21,SUCCESS
DEP-16832,REPO-1,APP-REPO-1,2026-03-13 21:07:30,SUCCESS
DEP-51295,REPO-1,APP-REPO-1,2026-06-13 13:09:44,SUCCESS
DEP-80912,REPO-0,APP-REPO-0,2026-01-21 21:56:22,SUCCESS
DEP-29043,REPO-19,APP-REPO-19,2026-01-13 10:05:17,SUCCESS
DEP-51973,REPO-19,APP-REPO-19,2026-06-29 01:17:31,SUCCESS
DEP-21865,REPO-8,APP-REPO-8,2026-08-06 09:08:03,SUCCESS
DEP-29372,REPO-14,APP-REPO-14,2025-10-24 08:49:39,SUCCESS
DEP-48863,REPO-8,APP-REPO-8,2025-11-20 12:17:25,SUCCESS
DEP-99416,REPO-0,APP-REPO-0,2026-07-19 08:23:14,SUCCESS
DEP-31659,REPO-12,APP-REPO-12,2026-07-22 23:48:16,SUCCESS
DEP-10950,REPO-0,APP-REPO-0,2026-09-21 07:02:56,SUCCESS
DEP-70051,REPO-13,APP-REPO-13,2026-06-05 06:42:36,FAILED
DEP-57948,REPO-4,APP-REPO-4,2026-06-25 11:29:01,SUCCESS
DEP-97652,REPO-5,APP-REPO-5,2026-08-09 16:16:04,SUCCESS
DEP-40605,REPO-6,APP-REPO-6,2026-07-09 22:10:26,SUCCESS
DEP-98059,REPO-0,APP-REPO-0,2026-06-05 14:19:40,SUCCESS
DEP-18611,REPO-15,APP-REPO-15,2026-05-28 13:26:58,SUCCESS
DEP-79715,REPO-6,APP-REPO-6,2026-05-09 19:01:32,FAILED
DEP-40339,REPO-11,APP-REPO-11,2025-11-23 09:35:03,SUCCESS
DEP-94348,REPO-13,APP-REPO-13,2026-09-10 03:06:49,SUCCESS
DEP-16949,REPO-5,APP-REPO-5,2026-07-24 10:32:01,SUCCESS
DEP-59592,REPO-12,APP-REPO-12,2026-06-24 10:04:01,SUCCESS
DEP-71439,REPO-15,APP-REPO-15,2026-02-07 06:30:10,SUCCESS
DEP-97885,REPO-14,APP-REPO-14,2025-12-13 21:04:13,SUCCESS
DEP-74956,REPO-10,APP-REPO-10,2026-06-05 07:47:06,FAILED
DEP-17917,REPO-17,APP-REPO-17,2025-10-20 15:00:44,SUCCESS
DEP-73886,REPO-15,APP-REPO-15,2026-01-31 21:49:40,SUCCESS
DEP-62062,REPO-1,APP-REPO-1,2025-12-04 16:27:58,SUCCESS
DEP-43415,REPO-9,APP-REPO-9,2026-05-23 00:58:28,SUCCESS
DEP-13931,REPO-7,APP-REPO-7,2026-02-22 03:09:27,SUCCESS
DEP-56375,REPO-15,APP-REPO-15,2025-12-22 13:53:55,SUCCESS
DEP-39178,REPO-11,APP-REPO-11,2026-04-23 12:14:56,SUCCESS
DEP-37944,REPO-4,APP-REPO-4,2026-08-12 12:59:56,SUCCESS
DEP-97454,REPO-5,APP-REPO-5,2025-12-07 14:57:15,SUCCESS
DEP-60712,REPO-13,APP-REPO-13,2025-10-12 22:01:23,SUCCESS
DEP-12183,REPO-7,APP-REPO-7,2026-06-19 03:59:19,SUCCESS
DEP-39651,REPO-3,APP-REPO-3,2026-03-22 16:15:09,SUCCESS
DEP-29303,REPO-17,APP-REPO-17,2026-01-16 08:43:12,SUCCESS
DEP-99034,REPO-9,APP-REPO-9,2026-07-11 08:25:36,SUCCESS
DEP-67852,REPO-11,APP-REPO-11,2026-02-11 00:47:37,SUCCESS
DEP-66477,REPO-6,APP-REPO-6,2026-03-05 16:49:23,SUCCESS
DEP-87484,REPO-16,APP-REPO-16,2026-02-05 21:58:22,SUCCESS
DEP-44581,REPO-12,APP-REPO-12,2026-05-27 07:53:59,SUCCESS
DEP-13824,REPO-3,APP-REPO-3,2026-09-13 03:43:27,SUCCESS
DEP-27890,REPO-13,APP-REPO-13,2026-03-23 20:55:36,SUCCESS
DEP-24440,REPO-2,APP-REPO-2,2026-09-21 19:28:06,SUCCESS
DEP-79219,REPO-8,APP-REPO-8,2026-02-21 13:21:22,SUCCESS
DEP-57627,REPO-10,APP-REPO-10,2026-04-04 19:04:17,SUCCESS
DEP-56041,REPO-16,APP-REPO-16,2025-10-29 21:33:28,SUCCESS
DEP-99472,REPO-0,APP-REPO-0,2025-10-24 07:13:24,SUCCESS
DEP-52776,REPO-5,APP-REPO-5,2026-08-31 08:17:23,FAILED
DEP-86927,REPO-14,APP-REPO-14,2026-09-18 11:58:31,SUCCESS
DEP-96974,REPO-19,APP-REPO-19,2026-01-02 16:39:32,SUCCESS
DEP-18229,REPO-0,APP-REPO-0,2026-07-12 05:02:42,SUCCESS
DEP-76034,REPO-5,APP-REPO-5,2026-03-12 14:08:15,SUCCESS
DEP-25665,REPO-11,APP-REPO-11,2026-07-25 21:20:40,SUCCESS
DEP-53784,REPO-8,APP-REPO-8,2026-05-17 01:14:28,SUCCESS
DEP-84571,REPO-11,APP-REPO-11,2026-05-20 12:53:38,SUCCESS
DEP-65808,REPO-11,APP-REPO-11,2026-08-17 16:09:35,SUCCESS
DEP-17922,REPO-12,APP-REPO-12,2025-12-23 13:33:21,SUCCESS
DEP-72470,REPO-0,APP-REPO-0,2026-02-24 21:21:33,SUCCESS
DEP-75432,REPO-15,APP-REPO-15,2026-06-13 00:21:31,SUCCESS
DEP-14691,REPO-2,APP-REPO-2,2025-10-27 03:32:01,SUCCESS
DEP-25729,REPO-11,APP-REPO-11,2026-09-02 07:12:23,SUCCESS
DEP-17056,REPO-6,APP-REPO-6,2026-01-10 14:27:55,SUCCESS
DEP-79802,REPO-10,APP-REPO-10,2025-12-08 23:45:45,SUCCESS
DEP-26906,REPO-0,APP-REPO-0,2026-03-19 22:21:10,SUCCESS
DEP-82655,REPO-12,APP-REPO-12,2026-02-08 21:35:25,SUCCESS
DEP-57060,REPO-2,APP-REPO-2,2026-08-09 23:31:10,SUCCESS
DEP-27750,REPO-16,APP-REPO-16,2026-04-26 05:59:31,SUCCESS
DEP-96149,REPO-0,APP-REPO-0,2026-02-10 07:48:03,SUCCESS
DEP-71472,REPO-7,APP-REPO-7,2025-12-29 21:04:30,FAILED
DEP-55182,REPO-4,APP-REPO-4,2025-12-13 06:48:11,FAILED
DEP-46605,REPO-17,APP-REPO-17,2026-05-20 00:01:12,SUCCESS
DEP-47556,REPO-15,APP-REPO-15,2026-06-10 05:11:03,SUCCESS
DEP-64980,REPO-12,APP-REPO-12,2026-05-01 10:22:32,SUCCESS
DEP-65861,REPO-19,APP-REPO-19,2026-05-04 19:43:40,FAILED
DEP-24220,REPO-1,APP-REPO-1,2026-05-17 17:06:46,SUCCESS
DEP-69532,REPO-19,APP-REPO-19,2026-01-19 12:38:00,SUCCESS
DEP-34129,REPO-11,APP-REPO-11,2026-02-26 01:31:00,SUCCESS
DEP-68518,REPO-19,APP-REPO-19,2026-03-12 01:44:45,SUCCESS
DEP-10638,REPO-9,APP-REPO-9,2026-09-04 10:28:19,SUCCESS
DEP-60246,REPO-11,APP-REPO-11,2025-11-17 08:19:58,FAILED
DEP-21628,REPO-12,APP-REPO-12,2026-01-13 10:15:32,FAILED
DEP-92674,REPO-12,APP-REPO-12,2025-12-03 23:53:41,SUCCESS
DEP-93376,REPO-5,APP-REPO-5,2026-04-16 18:53:16,SUCCESS
DEP-34926,REPO-7,APP-REPO-7,2026-03-03 07:39:59,SUCCESS
DEP-63872,REPO-7,APP-REPO-7,2025-10-06 05:42:50,SUCCESS
DEP-17874,REPO-19,APP-REPO-19,2026-08-03 01:58:18,SUCCESS
DEP-96467,REPO-5,APP-REPO-5,2026-07-26 14:54:03,SUCCESS
DEP-37390,REPO-10,APP-REPO-10,2026-08-13 06:00:25,SUCCESS
DEP-40131,REPO-18,APP-REPO-18,2026-05-31 15:51:42,SUCCESS
DEP-73638,REPO-17,APP-REPO-17,2025-11-07 08:06:49,SUCCESS
DEP-96625,REPO-5,APP-REPO-5,2026-08-09 11:46:33,SUCCESS
DEP-61587,REPO-2,APP-REPO-2,2026-03-13 00:18:00,SUCCESS
DEP-90748,REPO-19,APP-REPO-19,2026-08-02 04:30:37,SUCCESS
DEP-26449,REPO-10,APP-REPO-10,2026-02-16 10:02:27,SUCCESS
DEP-50880,REPO-12,APP-REPO-12,2026-08-13 01:19:28,SUCCESS
DEP-20299,REPO-1,APP-REPO-1,2025-10-22 04:28:59,SUCCESS
DEP-98158,REPO-16,APP-REPO-16,2026-06-27 02:05:48,SUCCESS
DEP-97113,REPO-10,APP-REPO-10,2025-10-19 19:12:48,SUCCESS
DEP-80983,REPO-2,APP-REPO-2,2025-10-21 08:42:56,SUCCESS
DEP-50598,REPO-12,APP-REPO-12,2026-09-08 04:14:48,SUCCESS
DEP-17743,REPO-18,APP-REPO-18,2026-03-07 19:18:49,SUCCESS
DEP-52354,REPO-5,APP-REPO-5,2025-12-27 03:39:51,SUCCESS
DEP-51244,REPO-19,APP-REPO-19,2026-05-02 18:07:15,SUCCESS
DEP-29050,REPO-17,APP-REPO-17,2026-02-14 07:58:35,SUCCESS
DEP-41397,REPO-9,APP-REPO-9,2025-10-08 12:38:46,SUCCESS
DEP-59592,REPO-10,APP-REPO-10,2026-07-25 06:26:04,SUCCESS
DEP-29333,REPO-0,APP-REPO-0,2026-05-01 10:40:28,SUCCESS
DEP-96611,REPO-10,APP-REPO-10,2026-02-05 23:18:23,SUCCESS
DEP-62052,REPO-6,APP-REPO-6,2026-01-20 08:55:21,SUCCESS
DEP-22188,REPO-17,APP-REPO-17,2026-01-20 12:08:19,SUCCESS
DEP-70138,REPO-14,APP-REPO-14,2026-01-26 02:20:15,SUCCESS
DEP-60467,REPO-8,APP-REPO-8,2025-10-28 19:26:11,SUCCESS
DEP-67043,REPO-13,APP-REPO-13,2026-08-28 10:57:37,SUCCESS
DEP-72972,REPO-18,APP-REPO-18,2026-01-18 15:40:43,SUCCESS
DEP-17843,REPO-14,APP-REPO-14,2026-01-16 16:49:10,SUCCESS
DEP-17716,REPO-9,APP-REPO-9,2026-04-08 05:26:47,SUCCESS
DEP-27482,REPO-14,APP-REPO-14,2025-12-16 06:30:04,SUCCESS
DEP-30504,REPO-3,APP-REPO-3,2026-08-30 19:54:24,SUCCESS
DEP-27794,REPO-8,APP-REPO-8,2026-08-28 10:47:12,SUCCESS
DEP-54446,REPO-9,APP-REPO-9,2026-06-04 13:00:52,SUCCESS
DEP-68722,REPO-13,APP-REPO-13,2025-11-22 04:14:13,SUCCESS
DEP-61975,REPO-8,APP-REPO-8,2026-02-17 23:57:56,SUCCESS
DEP-14288,REPO-6,APP-REPO-6,2025-12-13 10:03:22,SUCCESS
DEP-43686,REPO-13,APP-REPO-13,2025-12-24 08:24:09,SUCCESS
DEP-46958,REPO-5,APP-REPO-5,2026-02-18 00:05:56,SUCCESS
DEP-74679,REPO-12,APP-REPO-12,2026-08-02 00:06:39,SUCCESS
DEP-89199,REPO-18,APP-REPO-18,2026-06-20 16:35:23,SUCCESS
DEP-57787,REPO-2,APP-REPO-2,2025-11-09 21:50:53,SUCCESS
DEP-26109,REPO-11,APP-REPO-11,2026-09-05 10:42:34,SUCCESS
DEP-73764,REPO-0,APP-REPO-0,2026-02-02 22:31:46,SUCCESS
DEP-16590,REPO-5,APP-REPO-5,2025-10-28 02:10:28,SUCCESS
DEP-51960,REPO-8,APP-REPO-8,2025-11-04 02:45:48,SUCCESS
DEP-19529,REPO-5,APP-REPO-5,2025-10-19 05:08:39,SUCCESS
DEP-71518,REPO-18,APP-REPO-18,2025-11-27 19:22:13,SUCCESS
DEP-51383,REPO-2,APP-REPO-2,2026-05-03 14:51:45,SUCCESS
DEP-21270,REPO-7,APP-REPO-7,2026-06-03 23:30:55,SUCCESS
DEP-23454,REPO-15,APP-REPO-15,2026-01-02 18:22:11,SUCCESS
DEP-32608,REPO-7,APP-REPO-7,2025-12-10 09:38:16,SUCCESS
DEP-85450,REPO-2,APP-REPO-2,2025-10-20 20:55:36,SUCCESS
DEP-86104,REPO-14,APP-REPO-14,2026-09-05 02:01:27,SUCCESS
DEP-19432,REPO-1,APP-REPO-1,2026-09-04 15:14:42,SUCCESS
DEP-50755,REPO-12,APP-REPO-12,2026-02-01 03:36:48,SUCCESS
DEP-24904,REPO-11,APP-REPO-11,2026-07-26 08:24:38,FAILED
DEP-66164,REPO-8,APP-REPO-8,2026-05-21 18:09:17,SUCCESS
DEP-51406,REPO-19,APP-REPO-19,2026-03-11 14:41:31,SUCCESS
DEP-10071,REPO-6,APP-REPO-6,2025-10-31 07:12:02,SUCCESS
DEP-21709,REPO-0,APP-REPO-0,2026-03-22 21:58:34,FAILED
DEP-19137,REPO-13,APP-REPO-13,2026-08-22 02:14:39,SUCCESS
DEP-71446,REPO-9,APP-REPO-9,2025-10-03 23:15:07,SUCCESS
DEP-20027,REPO-19,APP-REPO-19,2026-04-12 00:43:51,SUCCESS
DEP-47751,REPO-4,APP-REPO-4,2026-08-06 11:36:16,SUCCESS
DEP-96000,REPO-12,APP-REPO-12,2026-05-28 01:10:04,SUCCESS
DEP-72195,REPO-4,APP-REPO-4,2025-10-05 20:47:02,SUCCESS
DEP-77998,REPO-15,APP-REPO-15,2025-11-19 17:59:12,SUCCESS
DEP-84009,REPO-8,APP-REPO-8,2026-05-02 21:44:09,SUCCESS
DEP-30828,REPO-7,APP-REPO-7,2026-03-11 09:41:08,SUCCESS
DEP-68623,REPO-10,APP-REPO-10,2026-04-20 05:00:42,SUCCESS
DEP-58484,REPO-5,APP-REPO-5,2026-09-20 18:08:26,SUCCESS
DEP-57100,REPO-17,APP-REPO-17,2026-01-25 15:22:24,SUCCESS
DEP-23306,REPO-8,APP-REPO-8,2026-08-09 05:20:45,FAILED
DEP-85292,REPO-18,APP-REPO-18,2026-08-28 02:13:18,SUCCESS
DEP-75040,REPO-8,APP-REPO-8,2026-08-28 03:31:11,SUCCESS
DEP-64482,REPO-11,APP-REPO-11,2026-04-30 16:32:45,FAILED
DEP-52035,REPO-9,APP-REPO-9,2026-05-04 13:19:02,SUCCESS
DEP-58161,REPO-3,APP-REPO-3,2026-08-28 17:37:21,SUCCESS
DEP-20388,REPO-15,APP-REPO-15,2025-12-02 03:03:20,SUCCESS
DEP-30878,REPO-9,APP-REPO-9,2026-07-03 06:45:44,SUCCESS
DEP-41774,REPO-17,APP-REPO-17,2026-04-16 05:29:12,SUCCESS
DEP-89554,REPO-4,APP-REPO-4,2026-02-15 18:01:33,SUCCESS
DEP-77924,REPO-8,APP-REPO-8,2026-02-01 07:03:12,SUCCESS
DEP-87577,REPO-5,APP-REPO-5,2026-05-17 07:23:59,SUCCESS
DEP-47561,REPO-16,APP-REPO-16,2026-02-05 03:14:44,SUCCESS
