jira_user_id,email,display_name,active
USR-13278,johnsonjoshua@example.org,Richard Aguirre,True
USR-42098,jillrhodes@example.net,Jeffrey Henderson,True
USR-23434,garzaanthony@example.org,Megan Joyce,True
USR-81482,jesseguzman@example.net,Gerald Hensley,True
USR-65302,jennifermiles@example.com,Jerry Henderson,True
USR-40495,shaneramirez@example.org,Zachary Huff,True
USR-13478,helenpeterson@example.org,Carol Tucker,True
USR-95181,susanrogers@example.org,Carmen Smith,True
USR-64987,wdavis@example.net,Rachel Mitchell,True
USR-87236,lindsay78@example.org,Brittney Phillips,True
USR-10851,smiller@example.net,Amy Edwards,True
USR-30926,barbara10@example.net,Thomas Schmidt,True
USR-54597,kendragalloway@example.org,Cody Larson,True
USR-38221,jamesshawn@example.com,Laura Riley,True
USR-54118,mitchellclark@example.com,Matthew Cunningham,True
USR-59797,lynchgeorge@example.net,Michael Edwards,True
USR-55082,frankgray@example.net,Matthew Bryant,True
USR-15695,gabriellecameron@example.org,Zachary Ferrell,True
USR-80284,lydiatrujillo@example.com,Brandi Bailey,True
USR-59615,carl95@example.org,Christopher Bass,True
USR-48427,pfoster@example.com,Dr. Kendra Contreras,True
USR-91070,josephwright@example.net,Ashley Humphrey,True
USR-57400,julie69@example.com,Natalie Moore,True
USR-19116,jeffrey28@example.com,Christina Walters,True
USR-47930,camposmichelle@example.org,Aaron Wise,True
USR-40512,laurahenderson@example.org,Kristen Patterson,True
USR-59823,djames@example.net,Stephen Mckee,True
USR-93320,tasha01@example.net,Lauren Hernandez,True
USR-31319,kayla51@example.com,Steven Flynn,True
USR-37460,amoore@example.net,Michael Estrada,True
USR-99593,teresa28@example.org,Shelly Dickson,True
USR-89840,meagan89@example.org,Sharon Cherry,True
USR-80010,nathanielmartin@example.net,Christopher Middleton,True
USR-31417,georgetracy@example.org,Nancy Wright,True
USR-45382,natasha43@example.org,Janet Williams,True
USR-93886,nataliearroyo@example.org,Thomas Bailey,True
USR-38785,wcabrera@example.net,Corey Murphy,True
USR-17331,davidalvarez@example.net,Martin Ross,True
USR-14207,josephbrennan@example.com,Ashley Waller,True
USR-62581,sarahcampos@example.net,Deborah Rodriguez,True
USR-37653,jenniferross@example.net,Emily Obrien,True
USR-84341,samuel87@example.org,Kenneth Scott,True
USR-51245,jeffreymorgan@example.net,Kimberly Ball,True
USR-75435,briannasmith@example.net,Matthew Rivera,True
USR-94259,perezrebecca@example.com,Michelle Evans,True
USR-44718,palmerjoshua@example.com,James Phillips,True
USR-83579,ambercummings@example.net,Todd Byrd,True
USR-86622,esanchez@example.com,Jennifer Bass,True
USR-86484,clintonhopkins@example.com,Richard Lawson,True
USR-38746,ujenkins@example.org,Michael Dixon,True
USR-28131,brownjessica@example.org,Matthew Harvey,True
USR-21915,jamesherrera@example.org,Cynthia Collins,True
USR-24371,dwhite@example.org,David Alvarez,True
USR-30969,ramosmichelle@example.net,Mark Lee,True
USR-65333,williamsyvette@example.org,Charles Watts,True
USR-60432,housemelinda@example.org,Christopher Rubio,True
USR-71348,ntucker@example.com,David Charles,True
USR-82512,martinaaron@example.com,Mary Travis,True
USR-11504,sara74@example.com,Lisa Ball,True
USR-25014,smoore@example.org,Kimberly Merritt,True
USR-80381,rileyamy@example.net,David Walsh,True
USR-94012,brian97@example.net,Denise Jones,True
USR-48469,brianromero@example.org,Francisco Fernandez,True
USR-69470,larsonemma@example.org,Michael Mccarthy,True
USR-44522,kwilson@example.org,Taylor Silva,True
USR-33416,harveyrobert@example.net,Laura Woods,True
USR-23947,sarah35@example.org,Sarah Ashley,True
USR-49117,randy47@example.com,Kimberly Morrison,True
USR-76540,smithchristine@example.net,Jeffrey Johnson,True
USR-30032,jonesjason@example.com,Sara Calhoun,True
USR-31174,sarahibarra@example.org,James Elliott,True
USR-79514,justin78@example.net,Brandy Murray,True
USR-88504,cheryl80@example.net,Daniel Murphy,True
USR-12552,sarah12@example.com,Sandra King,True
USR-57576,prestonjulia@example.org,Amy Crane,True
USR-50306,juan35@example.org,Tyler Williams,True
USR-41571,william40@example.org,Alex Hernandez,True
USR-20322,ccalderon@example.org,Kristy Robinson,True
USR-73699,kellie42@example.net,Larry Stuart,True
USR-79822,barnold@example.net,Traci Rodriguez,True
USR-26828,rodriguezsierra@example.net,Michael Rubio,True
USR-82063,amydavenport@example.net,Kevin Rivas,True
USR-79163,russellwilliams@example.com,Elizabeth Sutton,True
USR-65461,nolanjason@example.org,Dr. Hannah Patterson,True
USR-80686,gomezanita@example.com,Gloria Atkinson,True
USR-36365,sarayoung@example.org,Jack Snow,True
USR-62296,nicolejohnson@example.net,Christopher Boyd,True
USR-95180,kimberly63@example.com,Kimberly Webb,True
USR-77839,kristinrodriguez@example.org,Debra Christian,True
USR-42493,dwalker@example.com,Dana Marshall,True
USR-54313,lori33@example.org,Allen Rosales,True
USR-87128,raymondramirez@example.org,Kristi Black,True
USR-19305,michael86@example.net,Jason Peters,True
USR-17716,sheila14@example.org,Katherine Mcguire,True
USR-14117,benjamin96@example.com,Michael Torres,True
USR-19287,samuel81@example.com,Joseph Coleman,True
USR-46500,jonathanfletcher@example.org,Jesse Parker,True
USR-38080,michaeljones@example.net,Emily Newton,True
USR-84847,cindy14@example.net,John Hardy,True
USR-41850,elizabeth56@example.net,Brian Lee,True
USR-63354,angela36@example.net,Adrian Ferguson,True
USR-22704,lbyrd@example.net,Kristen Terry,True
USR-56438,richard04@example.com,Adam Mitchell,True
USR-71213,russellcarpenter@example.net,Vincent King,True
USR-17100,steven73@example.net,Jennifer Jones,True
USR-94696,yleon@example.net,Justin Torres,True
USR-62772,donnacampbell@example.net,Rachel Perez,True
USR-24322,clarence34@example.org,Elizabeth Chapman,True
USR-34931,dylanwilliams@example.com,Amy Choi,True
USR-28373,gibsonolivia@example.net,Daniel Guerrero,True
USR-46509,jennifercruz@example.com,Benjamin Smith,True
USR-19880,dylanwatts@example.org,Andrew Roberts,True
USR-82132,zrobinson@example.net,Andrea Hall,True
USR-95477,pwilliams@example.org,Leah Lara,True
USR-11934,danderson@example.net,Danny Hernandez,True
USR-40982,stephanie79@example.net,Anthony Sparks,True
USR-73653,jrivas@example.com,Tammy Gonzales,True
USR-62565,juliawells@example.com,James Nelson,True
USR-31579,maryramirez@example.net,Kyle Preston,True
USR-61173,rsims@example.com,Brandon Hayden,True
USR-69638,reevesjimmy@example.com,Yvonne Chambers,True
USR-82845,patricia12@example.org,Peter Ruiz,True
USR-73788,patrickhernandez@example.org,Kevin Walters,True
USR-48890,perrymark@example.com,Jason Morris,True
USR-17665,abrown@example.com,Jason Simpson,True
USR-81066,gateskathy@example.com,Amanda Miller,True
USR-51104,wsmith@example.com,Raymond Hancock,True
USR-86569,acastaneda@example.net,Julia Brown,True
USR-79615,tracynelson@example.com,Kathleen Ramos,True
USR-76562,priceelizabeth@example.com,Carlos Roberts,True
USR-34356,marycalhoun@example.net,Mark Lloyd,True
USR-18907,meadowsbrittany@example.net,Kristen Davis,True
USR-40828,millerroy@example.com,Brittany Cantu,True
USR-84668,brentgray@example.org,Jennifer Olson,True
USR-87924,wmurphy@example.com,Janet Weeks,True
USR-96163,karen64@example.org,Katie Hoover,True
USR-78522,ismith@example.org,Kevin Duarte,True
USR-44179,jeffrey10@example.org,John Cook,True
USR-51180,jamessmith@example.org,Frank Lopez,True
USR-61876,davidcaldwell@example.net,Scott Jenkins,True
USR-94607,stevenscott@example.com,Roberta Hughes,True
USR-51441,catherinestuart@example.net,Beth Sanford,True
USR-19508,stricklandfrank@example.com,Ryan Garcia,True
USR-83792,lanesarah@example.net,Wayne Morgan,True
USR-19602,tsanders@example.org,Gary Craig,True
USR-76307,vargasmaria@example.org,Lori Clay,True
USR-55745,terrykevin@example.net,Lisa Young,True
USR-42018,hoganashlee@example.org,William Hodges,True
USR-30676,amanda51@example.net,Elijah Johnson,True
USR-81200,alexander67@example.org,Ian Jordan,True
USR-90173,oyu@example.com,Michael White,True
USR-95717,ryangross@example.net,Cynthia Durham,True
USR-97538,christina87@example.com,David Scott,True
USR-49240,lpetersen@example.com,Stephanie Byrd,True
USR-23577,melissa14@example.com,Gregory Matthews,True
USR-27601,karenhudson@example.net,Ryan Gonzalez,True
USR-24029,frogers@example.com,James Howard,True
USR-30374,tonykelly@example.com,William Barrett,True
USR-89276,joshua94@example.net,Melissa Garner,True
USR-54942,blackjames@example.org,Kathleen Strong,True
USR-93130,wfreeman@example.org,Lisa Gomez,True
USR-76244,fbrewer@example.com,Michelle Hopkins,True
USR-16658,davisjeffrey@example.net,Maria Parker,True
USR-65518,kevinperkins@example.com,Morgan Davis,True
USR-15778,ronald85@example.com,Casey Anderson,True
USR-93507,qnelson@example.org,Terry Coffey,True
USR-31178,griffithleslie@example.net,Regina Mcdonald,True
USR-82309,jamesrodgers@example.com,Courtney Rhodes,True
USR-83519,tina34@example.org,Holly Gibbs,True
USR-29536,harry08@example.org,Mark Watson,True
USR-58393,brandon08@example.com,Stephen Hoffman,True
USR-29410,danamullins@example.org,Rodney Blankenship,True
USR-15482,andrewstaylor@example.com,Charles Shah,True
USR-15229,jack04@example.com,David Medina,True
USR-37535,shortrichard@example.org,Travis Horton,True
USR-97416,hernandezlisa@example.com,Molly Mcclure,True
USR-83385,mcknightdavid@example.com,Jason Lynn Jr.,True
USR-63264,kimberlyjames@example.com,Trevor Foley,True
USR-30257,michelle64@example.net,Steven Newman,True
USR-41029,lynchjody@example.org,Bryan Charles,True
USR-33206,josephmiller@example.org,Maria Harper,True
USR-13248,andreamoore@example.com,Dana Martinez,True
USR-53540,enorris@example.com,Phillip Clark,True
USR-63964,halljasmine@example.net,Erin Hernandez,True
USR-42527,ojones@example.com,William Huerta,True
USR-24168,ronaldstephens@example.net,Ashley Delacruz,True
USR-15075,rebekahserrano@example.org,Richard Chapman,True
USR-39154,martinkyle@example.net,Cameron Fisher,True
USR-70332,scott74@example.net,Jerome Cox,True
USR-39831,gbender@example.net,Daniel Gilbert,True
USR-96511,mkim@example.org,Victor Brown,True
USR-53025,mnavarro@example.com,Michael Henry,True
USR-19099,davissuzanne@example.net,Erica Hernandez,True
USR-46585,keyemily@example.com,Lauren Joseph,True
USR-76768,hinesgregory@example.net,Jonathan Jordan,True
USR-80282,lmoon@example.net,Sherry Arnold,True
USR-13617,fwalters@example.org,Darryl Morgan,True
USR-44237,vbailey@example.com,Brandon Simmons,True
USR-44795,hodgemark@example.net,Melissa Wells,True
USR-55309,zroberts@example.net,Anthony Frye,True
USR-51114,gibsonleonard@example.com,Jennifer Russo,True
USR-77033,cordovarichard@example.net,Amber Roberts,True
USR-85574,sandovalamy@example.com,Jordan Moore,True
USR-15817,lopezmichael@example.com,Hayley Hawkins,True
USR-10221,nwolf@example.com,Darrell Patterson,True
USR-80575,sarakim@example.net,Lisa Day,True
USR-97900,omartinez@example.net,Sandra Adams,True
USR-66531,jennifercollins@example.org,Tammy Bell,True
USR-97062,hdavis@example.com,Matthew Jones,True
USR-91678,hollanderic@example.net,Cindy Barnes,True
USR-26334,william46@example.com,Nathan Frank,True
USR-49363,jsanchez@example.org,Anthony Moore,True
USR-97410,mlee@example.net,Denise Stanley,True
USR-62743,michellehill@example.com,Daniel Hunt,True
USR-82667,sarah84@example.org,Michael Watkins,True
USR-65108,jessica99@example.net,James Greene,True
USR-59695,cgrimes@example.net,Pamela Duran,True
USR-32810,jreed@example.net,Jonathan Jordan,True
USR-49446,ugibson@example.org,Kathryn Whitaker,True
USR-10053,ashleyhall@example.com,Patrick Graham,True
USR-37549,floresthomas@example.com,Erik Patterson,True
USR-86019,ymcneil@example.net,Donna Sullivan,True
USR-52237,tylerjohnson@example.net,Tamara Davis,True
USR-67954,molly71@example.net,James Miller,True
USR-77000,jsmith@example.com,Gary Jackson,True
USR-32241,charlesharrington@example.com,Jordan Bullock,True
USR-47196,cindy61@example.com,Maria Hernandez,True
USR-92960,ofinley@example.net,Christopher Hernandez,True
USR-22240,cbrennan@example.net,Lori Marshall,True
USR-40784,younggabrielle@example.com,Melanie Macias,True
USR-39444,juliehamilton@example.org,Emily Gonzales,True
USR-29313,wallaceheather@example.org,Rebecca Vargas,True
USR-72277,nguyenbrian@example.com,Matthew Madden,True
USR-19545,ryan38@example.com,Janice Carpenter,True
USR-92544,georgemiller@example.com,Erica Alvarez,True
USR-60328,tyleraguilar@example.org,Robert Monroe,True
USR-41979,dlittle@example.com,David Kim,True
USR-10726,nolansteven@example.com,Caitlin Watson,True
USR-23970,charleslandry@example.net,George Harper,True
USR-38683,danielle64@example.com,Justin Hughes,True
USR-77889,james67@example.org,Tracey Morrison,True
USR-83060,patrickhoward@example.com,Matthew Rangel,True
USR-25906,andrew64@example.org,Jenna Larson,True
USR-70901,lozanojulie@example.com,Maria Murphy,True
USR-83259,catherinegomez@example.net,Theresa Osborn,True
USR-68008,christinebyrd@example.net,Jessica Cox,True
USR-76162,courtneyberger@example.net,Daniel Meza,True
USR-81810,parkerscott@example.net,Chad Jones,True
USR-30861,jessica14@example.com,Sophia Johnson,True
USR-72216,ithompson@example.net,Brittany White,True
USR-42406,alyssa42@example.com,Jason Rhodes,True
USR-46347,scoffey@example.net,Nicole Bowers,True
USR-78327,linda71@example.org,Vincent Mueller,True
USR-41358,michelleramsey@example.com,Victoria Murray,True
USR-20155,christopher60@example.com,Joseph Burch,True
USR-40735,gibsonemily@example.net,David Davidson,True
USR-51904,brenda51@example.net,Michelle Black,True
USR-20561,thomasharvey@example.net,Christopher Cole,True
USR-40311,rose31@example.net,Anna Lozano,True
USR-30028,tblankenship@example.net,Alexander Brown,True
USR-18418,cwilson@example.org,Zachary Brooks,True
USR-53369,wendy11@example.org,Sara Santos,True
USR-64496,paulwatson@example.net,Thomas Kennedy,True
USR-65069,umatthews@example.org,Joan Smith,True
USR-86556,fpena@example.net,Ruben Dunn,True
USR-12560,rcrosby@example.org,Ricardo Young,True
USR-85456,jeff73@example.com,Riley Bryant,True
USR-10772,pollardmichael@example.net,Alexis Robertson,True
USR-49139,bruce43@example.org,Jeffrey Mendez,True
USR-64921,ndavis@example.net,Matthew Miller,True
USR-81582,williamsmatthew@example.org,Kimberly Hartman,True
USR-38906,caseyhubbard@example.org,Shane Williams,True
USR-45774,lisahall@example.org,Alan Kramer,True
USR-13804,ramireztracey@example.org,Lori Ingram,True
USR-97670,lauren10@example.org,George Day,True
USR-62994,howardkristina@example.net,Clarence Taylor,True
USR-71261,alfred40@example.org,Andrew Gonzalez,True
USR-91560,vfox@example.org,Kaylee Hays,True
USR-61645,xwest@example.net,Paul Lee,True
USR-96900,hayesjeffrey@example.net,Sharon Rivera,True
USR-27786,acostaregina@example.net,Kathleen Jimenez,True
USR-33819,stephen00@example.com,Monica Miller,True
USR-59689,gsimmons@example.com,Edward Garcia,True
USR-69598,fjones@example.com,Jeremy Robbins,True
USR-59692,cameronhill@example.net,Jeremy Acosta,True
USR-65255,oscar98@example.com,William Gould,True
USR-20735,bwagner@example.org,Heidi Owen,True
USR-80702,farrelldebra@example.net,Lawrence Harrington,True
USR-55870,russellbeasley@example.com,Richard Diaz,True
USR-18993,maria66@example.net,Christian Cole,True
USR-95426,edwardslarry@example.com,Billy Taylor,True
USR-12671,stephanie71@example.org,Zachary Mitchell,True
USR-41266,daviscolin@example.net,Samuel Hayes,True
USR-97747,lisa80@example.net,Tracy Downs,True
USR-38569,elizabeth65@example.net,Joshua Vance,True
USR-43586,uparrish@example.org,Melody Thompson,True
USR-31992,caroline51@example.net,William Conner,True
USR-25012,ericolson@example.org,Isaac Armstrong MD,True
USR-31465,megan51@example.com,James Love,True
USR-24168,lindsaybruce@example.net,Jason Andrews,True
USR-50888,lynchdiane@example.net,Joanna Frazier,True
USR-59192,anthony44@example.com,Penny Bowman,True
USR-35995,adam29@example.net,Jessica Bartlett,True
USR-92213,vjones@example.net,Elizabeth Martin,True
USR-49529,davisalyssa@example.com,Kelly Campbell,True
USR-88697,kchavez@example.com,Tyler Hill,True
USR-84177,jennifer99@example.org,Kathryn Jackson,True
USR-55508,moorekaren@example.org,Marcus Winters,True
USR-96706,nelsonebony@example.com,Amanda Shields,True
USR-76317,nperry@example.net,Patricia Baker,True
USR-11658,reeddaniel@example.net,Lisa Johnson,True
USR-74251,trose@example.org,Elizabeth Sanchez,True
USR-57472,randallgreene@example.org,Michael Moore,True
USR-70258,kevinclark@example.org,Gerald Thomas,True
USR-67080,keith10@example.com,Haley Ross PhD,True
USR-78386,ythompson@example.net,David Martinez,True
USR-45400,vincentwhitaker@example.com,Anthony Dougherty,True
USR-80539,sandersjudy@example.com,Sean Moore,True
USR-70931,stevenschristian@example.com,Emily Hines,True
USR-87656,tberry@example.net,Shawn Jimenez,True
USR-42177,zroberts@example.org,Tracy Lewis,True
USR-21359,george97@example.net,Johnny Khan,True
USR-69087,christopher13@example.com,Sarah Jordan,True
USR-70910,zwarren@example.com,Jamie Williams,True
USR-97580,jeffrey21@example.net,Heidi Roberts,True
USR-13761,schmidtjames@example.com,Joshua Bryan,True
USR-52600,jessica23@example.org,Betty Davis,True
USR-37802,jonathanthompson@example.org,Ms. Holly Thomas,True
USR-43862,thompsonkendra@example.com,Andrew Williams,True
USR-88139,wwebster@example.net,Jesus Obrien,True
USR-46211,kmaldonado@example.net,Louis Martin,True
USR-77715,michelle52@example.com,George Clayton,True
USR-21221,harrisoncrystal@example.com,Elizabeth Cabrera,True
USR-63271,bellcharles@example.com,Veronica Silva,True
USR-41499,xjohnson@example.com,Walter Patton,True
USR-94659,newmantiffany@example.org,Anthony Castillo,True
USR-68743,jford@example.net,Patricia James,True
USR-22196,colelisa@example.net,Melody Lee,True
USR-63005,marcalvarez@example.org,Michael Jenkins,True
USR-50135,hayeslisa@example.com,Ryan Luna,True
USR-58368,wagnergerald@example.org,Frederick Bates,True
USR-79588,hritter@example.net,Christopher Barr,True
USR-82140,michaelhardin@example.com,Raymond Le,True
USR-69473,rschroeder@example.net,Dr. Douglas Evans,True
USR-42951,mccormickdeborah@example.org,Daniel Bush,True
USR-35242,cody64@example.com,Timothy Pope,True
USR-80236,mathewaguilar@example.org,Michael James,True
USR-34267,kyle62@example.net,Raymond Thomas,True
USR-73464,collinsnicholas@example.com,Angela Bradshaw,True
USR-87278,elizabethcalderon@example.net,Dale Ryan,True
USR-78765,lucasrodney@example.com,Brian Yang,True
USR-23176,coxhenry@example.org,Taylor Perez,True
USR-48829,stacey73@example.org,Gary Kennedy,True
USR-33519,ericphillips@example.org,Vanessa Moore,True
USR-80010,stanleynancy@example.net,Nicole Mitchell,True
USR-15965,carlamoore@example.org,Randy Pearson,True
USR-82529,jenniferwilliams@example.com,Sarah Johnson,True
USR-26551,tarabishop@example.net,Casey Gillespie,True
USR-74340,pyoung@example.com,Timothy Hayden DVM,True
USR-11607,mmckee@example.com,Lance Hebert,True
USR-71524,smurray@example.com,Kimberly Snyder DVM,True
USR-54657,mburch@example.net,Robert Rivera,True
USR-16734,moniquewilliams@example.com,Alexis Rogers,True
USR-72616,angela18@example.org,Cheryl Carr,True
USR-18564,christopher24@example.com,Garrett Morales,True
USR-19710,mariahdavis@example.org,Mrs. Taylor Smith,True
USR-99974,bwilkerson@example.com,Derek Rivera,True
USR-29555,sandersnathaniel@example.com,Deborah Ward,True
USR-49824,brooksanthony@example.org,Julie Moore,True
USR-42530,lacey20@example.com,Michele Collins,True
USR-64548,ihorton@example.net,Elizabeth Mendez,True
USR-91057,awest@example.org,Jesse Zhang,True
USR-78494,scottmary@example.net,Susan Todd,True
USR-68028,srodriguez@example.org,Linda Cobb,True
USR-87139,david36@example.net,Heidi Stark,True
USR-50026,fbrown@example.net,Stephanie Harris,True
USR-17894,chenbailey@example.net,Scott Ramos,True
USR-23006,kellysmith@example.com,Ann Dixon,True
USR-37235,ashleylopez@example.net,Jason Elliott,True
USR-44687,millsmichael@example.net,Elizabeth Johnson,True
USR-30585,myerstheodore@example.net,Daniel Jones,True
USR-82350,qzavala@example.net,Zachary Michael,True
USR-10350,kellycarlos@example.org,Dustin White,True
USR-87832,ingramjill@example.com,Monica Stuart,True
USR-14278,bradleypayne@example.net,Sergio Knox,True
USR-47056,mariacohen@example.net,Mary Ryan,True
USR-69510,zwelch@example.org,Joshua Rice,True
USR-40595,baldwinsherry@example.org,Alexander Evans,True
USR-91927,james30@example.com,Samantha Wright,True
USR-35928,zachary87@example.com,Timothy Hardy,True
USR-81376,mullinsjames@example.com,Jennifer Miranda,True
USR-29528,glennmartin@example.org,Brian Johnson,True
USR-28643,samuel67@example.com,Amber Yang,True
USR-31747,terri77@example.com,Daniel Shields,True
USR-87993,laurie61@example.com,Donna Cabrera,True
USR-84607,amymorris@example.org,Patricia Cardenas,True
USR-67560,donna47@example.net,Victoria Boyd,True
USR-49857,cjackson@example.com,Justin Vargas,True
USR-45683,wwilliams@example.net,Kristi Williams,True
USR-74722,yhill@example.org,Rachel Flores,True
USR-88385,lambertrichard@example.net,James Webster,True
USR-52247,stephaniethomas@example.net,Jason Butler,True
USR-13390,ejohnson@example.org,Dalton Lucas,True
USR-98381,michael90@example.net,Joseph Calderon,True
USR-85392,erikarush@example.com,Lindsey Russo,True
USR-12719,khines@example.org,Misty Hansen,True
USR-98117,raymond43@example.org,Felicia Krueger,True
USR-85529,fitzgeraldvictor@example.com,Tonya Wilson,True
USR-71669,greenjorge@example.com,Douglas Owens,True
USR-67963,wendymitchell@example.com,Jose Crawford,True
USR-33788,davidfarrell@example.com,Mrs. Sara Rocha,True
USR-67132,rachelwallace@example.org,Justin Walker,True
USR-74451,elizabeth18@example.net,Lauren Cortez,True
USR-71605,patricia22@example.com,James Whitaker,True
USR-53687,davidharris@example.org,Melinda Scott,True
USR-23710,kristyjohnson@example.net,Katherine Jackson,True
USR-53228,tanner82@example.net,Joshua White,True
USR-74942,jonesraymond@example.net,Kelly Combs,True
USR-62488,xfox@example.com,Pamela Gutierrez,True
USR-82102,martinezlogan@example.org,Alexa Wagner,True
USR-43082,howens@example.com,Aaron Arnold Jr.,True
USR-62976,nataliedeleon@example.net,William Smith,True
USR-10150,katrinaanderson@example.net,Cassie Hull,True
USR-81118,guerraapril@example.com,Manuel King,True
USR-17104,fernandodonovan@example.org,Angela Chung,True
USR-57419,stacey84@example.org,Michael Evans,True
USR-75338,james84@example.org,Marie Johnson MD,True
USR-16764,christina18@example.net,Mark Warner,True
USR-81987,brittanycarpenter@example.org,Erin Madden,True
USR-47752,megan90@example.org,Amanda Lewis,True
USR-73532,williamsdarlene@example.net,Thomas Cohen,True
USR-92578,debra96@example.net,Mary White,True
USR-41365,jimenezcourtney@example.com,Laurie Goodwin,True
USR-50730,timothy64@example.com,Christopher Allen,True
USR-82384,barkereric@example.com,Janet Singh,True
USR-39451,vmarshall@example.net,Haley Davis,True
USR-24871,larryhiggins@example.net,Larry Austin,True
USR-25396,theresa25@example.net,Erin Walters,True
USR-30181,floressteven@example.com,Juan Bennett,True
USR-48254,gwright@example.org,Jamie Barton,True
USR-45838,sonia96@example.org,Benjamin Adams,True
USR-73242,lisapeck@example.net,Brittany Price,True
USR-41946,james27@example.net,Tommy Wallace,True
USR-28958,tjimenez@example.com,Cody Cole,True
USR-88561,davisphillip@example.com,Alexander Gomez,True
USR-27892,jasongomez@example.org,Erika Cruz,True
USR-46208,troy74@example.net,Bradley Santana,True
USR-64387,booneryan@example.com,Melissa Jackson,True
USR-76550,kathryn50@example.com,Charles Jackson,True
USR-10336,hudsonjames@example.net,Richard Ward,True
USR-49132,charles87@example.net,Linda Gonzalez,True
USR-86011,marcia99@example.org,James Skinner,True
USR-74178,theresalong@example.com,Jessica Jordan,True
USR-68529,kari39@example.net,Travis Harris,True
USR-55236,cporter@example.org,Tracy Carter,True
USR-81228,jenniferbrock@example.net,Erika Ramirez,True
USR-52176,ghernandez@example.org,Christina Osborn,True
USR-41300,sarah52@example.com,Tiffany Murray,True
USR-40613,brittney88@example.net,Sandra Jones,True
USR-63841,terickson@example.com,Mr. David Hopkins DDS,True
USR-59968,richardsonemily@example.com,Sheila Barnes,True
USR-96991,laura09@example.com,Robin Wheeler,True
USR-95461,tammy99@example.org,Mary Kelly,True
USR-74923,silvageorge@example.net,Maria Lucas,True
USR-26547,rhernandez@example.org,Adam Green,True
USR-87356,armstrongjackie@example.org,Lauren Johnston,True
USR-23154,alexanderrobert@example.com,Raymond Chapman,True
USR-67711,roberthampton@example.com,Alexander Garcia,True
USR-69890,thorntonapril@example.net,Audrey Shepard,True
USR-95823,whitney78@example.com,Nathan Chavez,True
USR-19807,sue78@example.com,Ashley Sweeney,True
USR-44737,erica49@example.com,Tara Yang,True
USR-62098,susanramirez@example.com,Erin Simmons,True
USR-53065,shellyhendrix@example.com,Lori Lopez,True
USR-79942,hannahburns@example.com,Lucas Gonzalez,True
USR-51505,ann44@example.org,Michael Harris,True
USR-73956,zhuang@example.com,Shane Lopez,True
USR-14705,kellyroberts@example.net,Dennis Huffman,True
USR-40771,reedscott@example.com,James Long,True
USR-47667,ilewis@example.com,Jimmy Thompson,True
USR-21846,derrick99@example.org,Angela Anderson,True
USR-22903,brentstein@example.org,Clayton Steele,True
USR-23173,briangutierrez@example.net,Chad Reyes,True
USR-49251,xgarcia@example.org,Melissa Brewer,True
USR-16028,oconnelltiffany@example.org,Dylan Lopez,True
USR-17355,edelgado@example.com,Tiffany Washington,True
USR-59131,katelynmitchell@example.com,Kathy Simpson,True
USR-42007,velezchristopher@example.net,Jill Jackson,True
USR-84177,amandasharp@example.org,Connie Johnson,True
USR-33600,robertmonroe@example.org,Richard Cunningham,True
USR-20350,lfrench@example.net,Laura Adams,True
USR-60140,nancy04@example.net,Kimberly Sherman PhD,True
USR-41566,hebertmatthew@example.com,Jeffery Fitzgerald,True
USR-86435,ismall@example.net,Mrs. Hannah Montoya MD,True
USR-70443,znelson@example.org,Christine Rojas,True
USR-70236,francisco74@example.net,Carol Taylor,True
USR-11231,alexisrogers@example.com,Anthony Bell,True
USR-70981,gregorychase@example.com,Erica Padilla,True
USR-98815,frobertson@example.com,Scott Duke,True
USR-19681,lopezdonald@example.com,Rachel Sellers,True
USR-55293,adamreyes@example.com,Meredith Anderson,True
USR-49210,stephanie49@example.net,Pam Lowe,True
USR-65615,greenmichael@example.org,Debra Perry,True
USR-69878,contrerassteven@example.org,Sheryl Davis,True
USR-36111,tparks@example.com,Timothy Wood,True
USR-73335,fowlershelia@example.com,Sheila Boone,True
USR-59986,jeffreyanderson@example.org,Madison Terry,True
USR-85341,madkins@example.com,Claudia Jordan,True
USR-48696,emiles@example.net,Ronald Morgan,True
USR-61879,kathleenbecker@example.net,Sara Smith,True
USR-84177,foxallison@example.com,William Patterson,True
USR-16428,starkdaniel@example.net,Timothy Hill,True
USR-75107,ashleyhernandez@example.com,Matthew Banks,True
USR-47512,nwilson@example.net,Molly Fischer,True
USR-40162,gdavis@example.com,Brandon Lewis,True
USR-56179,chavezwilliam@example.com,Kelly Wallace,True
USR-34920,hansenemily@example.com,Virginia Henderson,True
USR-98835,fosterlisa@example.net,James Cross,True
USR-96400,bethwilliams@example.com,Stanley Taylor,True
USR-27927,weaverbrian@example.org,Brenda Moreno MD,True
USR-92242,ajohnson@example.org,Daniel Goodman,True
USR-50492,katiegood@example.net,Shannon Miller,True
USR-14373,ybrooks@example.com,Leah Cruz,True
USR-27224,rbennett@example.net,Danielle Newman,True
USR-48680,desireebailey@example.org,Michelle Mitchell,True
USR-64460,urice@example.org,Sheri Harris,True
USR-27322,avilatiffany@example.com,James Lucas,True
USR-57953,opatel@example.org,David Little,True
USR-45720,rreed@example.org,Dr. Bonnie Valencia,True
USR-43681,johnsondonna@example.net,Michael Farmer,True
USR-73156,allencarlos@example.net,Alexis Lewis,True
USR-48684,griffinemily@example.org,Dustin Marquez,True
USR-54396,joymorales@example.org,Angela Herrera,True
USR-71385,karenparsons@example.org,Eric Dixon,True
USR-28449,jim95@example.net,Gabriel Willis,True
USR-39571,joel28@example.org,Troy Allen,True
USR-98395,dturner@example.net,Audrey Salazar,True
USR-83048,conniesimmons@example.com,Mary Thompson,True
USR-61717,comptonshelly@example.net,Carla Benton,True
USR-69609,ufloyd@example.net,Debra Tanner,True
USR-98125,trussell@example.com,Joseph Baker,True
USR-59941,karenwells@example.org,Jesse Ward,True
USR-58689,meredith27@example.org,Holly Scott,True
USR-40647,jfaulkner@example.net,Miranda Perez,True
USR-91205,paulscott@example.com,Scott Sanchez,True
USR-83584,nielsenmelanie@example.org,Chris Velazquez,True
USR-89964,brettbennett@example.net,David Moon,True
USR-18285,russojacob@example.net,Jake Shaw,True
USR-70852,timothybooth@example.com,Jose Williams,True
USR-49608,susan03@example.org,Sharon Ayala,True
USR-25292,burgesskaren@example.org,Jesus Wood,True
USR-14877,randyallen@example.com,Nancy Sanchez,True
USR-74569,oscar85@example.com,Yolanda Parsons,True
USR-40775,michael77@example.org,Brittany Randolph,True
USR-27781,ugill@example.org,Makayla Steele,True
USR-58629,lawrence09@example.org,Matthew Sweeney,True
USR-80804,allentran@example.net,William Barnes,True
USR-30253,mphillips@example.com,Anna Morse,True
USR-95841,noahwhitaker@example.com,Jacqueline Villegas,True
USR-74139,jonathan77@example.com,Casey Wilkins,True
USR-46666,jessicabell@example.org,Jessica Brandt,True
USR-68115,iwhite@example.net,David Harding,True
USR-40947,warrenmary@example.org,Ashley Garcia,True
USR-23022,duranrobert@example.net,Bryan Howard,True
USR-58147,carloshernandez@example.org,Derek Wilson,True
USR-94518,nbrooks@example.net,Samantha Terry,True
USR-62184,bhopkins@example.org,Erin Davis,True
USR-26011,hsmith@example.net,Anthony Evans,True
USR-69600,amanda40@example.net,Sarah Hawkins,True
USR-37801,ldrake@example.org,Robert Taylor,True
USR-88269,warrenjohn@example.net,Vickie Anderson,True
USR-16629,lisa46@example.org,Teresa Miller,True
USR-41925,susan79@example.org,Angela Osborn,True
USR-84000,kevinclayton@example.org,Rhonda Davis,True
USR-82641,davisnicholas@example.net,Joel Jackson,True
USR-38305,abrown@example.net,Jennifer Johnson,True
USR-40539,christopherbruce@example.net,Terry Hill,True
USR-29340,ariel18@example.org,Lucas Jensen,True
USR-88116,jasonparrish@example.net,Juan Brown,True
USR-28964,enelson@example.net,Kimberly Smith MD,True
USR-80807,rachel90@example.org,Kari Durham,True
USR-32871,alexis39@example.org,Christopher Flores,True
USR-13379,thickman@example.org,William Moreno,True
USR-56955,ashleyatkinson@example.net,Ariel Sandoval,True
USR-41186,patrick21@example.net,Sylvia Brown,True
USR-12068,brian63@example.org,Ryan Bruce,True
USR-16868,cassie99@example.com,Renee Wolfe,True
USR-65176,anthony47@example.com,Heather Bradley,True
USR-18330,michaelpugh@example.com,Sara Cochran,True
USR-57453,eringuerrero@example.org,John Davis,True
USR-24293,lauren11@example.com,Joseph Smith,True
USR-39038,normanbowers@example.org,Gina Thompson,True
USR-15683,gstewart@example.org,Kevin Stark,True
USR-96363,hahnsean@example.com,Holly Jones,True
USR-70036,andersonjacob@example.com,Eric Taylor,True
USR-14082,fgarcia@example.com,Rebecca Yu,True
USR-72781,carlsonkristen@example.com,Kristina Preston,True
USR-65872,carterpaul@example.org,Max Olsen,True
USR-74260,ashleyjackson@example.com,Elizabeth Thompson,True
USR-68138,dominicturner@example.com,Sarah Townsend,True
USR-20589,bryanhamilton@example.com,Evan Lamb,True
USR-29442,todd15@example.com,Ashley Crawford,True
USR-46046,jennifersimpson@example.net,Gregory Flores,True
USR-86724,stephentaylor@example.org,Margaret Tanner,True
USR-52622,ncook@example.com,Michael Bell,True
USR-88301,scott69@example.org,James Oconnor,True
USR-69469,malik37@example.com,James Payne Jr.,True
USR-66387,tamaranovak@example.com,Marilyn Mcdaniel,True
USR-24996,yfaulkner@example.org,Ryan Phillips,True
USR-95316,nicholas65@example.org,Christopher Bennett,True
USR-82264,brittanygardner@example.net,Vanessa Morgan,True
USR-38183,bentonsteven@example.net,Mr. Tommy Martin,True
USR-39949,samuelcarter@example.net,Gary Mccann,True
USR-69441,fuenteslaura@example.com,Monica Baker,True
USR-22463,ttaylor@example.org,Anthony Armstrong,True
USR-50963,donna66@example.org,Aaron Miller,True
USR-59060,eewing@example.net,Alexander Jackson,True
USR-72163,sferguson@example.com,Brian Glover,True
USR-21188,gibbsmichael@example.net,Deborah May,True
USR-22656,rodriguezjohn@example.net,James Lopez,True
USR-58843,gabriel90@example.net,Dennis Hood,True
USR-82924,vrasmussen@example.com,Mary Miller,True
USR-83608,smithjonathan@example.net,Tracy Lawrence,True
USR-97819,seanmyers@example.net,Sabrina Barnes,True
USR-56346,michaeljohnson@example.org,Laura Young,True
USR-65435,robert11@example.net,Scott Johnson,True
USR-16743,michaelcooper@example.org,Laura Mcgrath,True
USR-88696,gbailey@example.com,Joann Rush,True
USR-23579,tflores@example.org,Beth Henderson,True
USR-37884,johnsonmatthew@example.org,Lori Flowers MD,True
USR-73201,sarahyang@example.net,James Nguyen,True
USR-24184,andrearivera@example.com,Shane Buchanan,True
USR-82910,zhall@example.net,Jennifer Perry,True
USR-46512,jacobsandoval@example.com,Traci Garcia,True
USR-66244,mclaughlinnicole@example.com,Rachel Dillon,True
USR-91490,tprice@example.org,James Washington,True
USR-94239,joshuapadilla@example.org,Donald Thomas,True
USR-89822,lloydamanda@example.com,Amanda Preston,True
USR-45054,james14@example.net,Patrick Mccall,True
USR-50499,orose@example.com,Crystal Turner,True
USR-56009,lcarr@example.org,Debra Butler,True
USR-84228,michael79@example.org,Jacqueline Brown,True
USR-19120,samantha91@example.net,Jennifer Deleon,True
USR-92991,lawrenceallen@example.org,Carrie Golden,True
USR-22026,nathanielthomas@example.com,Andrew Williams,True
USR-38197,kcarlson@example.com,Jacob Marshall,True
USR-69460,olopez@example.net,Melanie Allen,True
USR-58503,angelaburns@example.org,Seth Matthews,True
USR-52517,leonardhayes@example.org,Steven Curry,True
USR-84395,stephanie72@example.org,Anthony Nash,True
USR-16895,gmaynard@example.net,Danny Clark,True
USR-90981,fortiz@example.com,Richard Saunders,True
USR-68079,fburns@example.net,Robert Torres,True
USR-73656,flynnjeffrey@example.org,Sarah Stevens,True
USR-64287,jeffrey42@example.com,Joseph Hanson,True
USR-77154,hdunn@example.net,Zachary Levy,True
USR-66349,adamsamy@example.com,Lisa Evans,True
USR-98895,wolfscott@example.org,William Davidson,True
USR-73783,pgarcia@example.org,Tiffany Curtis,True
USR-50425,nancy07@example.com,Renee Lang,True
USR-88554,michelle17@example.org,Jason Price,True
USR-36794,jasonrojas@example.net,Laura Lee,True
USR-37686,michelle96@example.org,Rachel Knox,True
USR-43491,kristenli@example.org,Christopher Sandoval,True
USR-25726,amanda98@example.org,John Figueroa,True
USR-33028,tiffany44@example.net,Patrick Parker,True
USR-79806,stephanie81@example.org,Edward York,True
USR-75570,rsellers@example.net,Lauren Blackburn,True
USR-97562,jacquelineanderson@example.org,Kathryn Dillon,True
USR-19447,maria67@example.org,Anthony Dickerson,True
USR-15544,courtney67@example.org,William Orozco,True
USR-70260,powellkara@example.net,Mike Maxwell,True
USR-51033,shawn75@example.net,Cassandra Walters,True
USR-85156,meltonmelanie@example.org,Philip Jackson,True
USR-93904,sreid@example.com,Penny Anderson,True
USR-25096,flynnraymond@example.com,Jeffrey Woods,True
USR-52568,troymorris@example.com,Monica Dodson,True
USR-91018,amy29@example.com,Cheryl Rhodes,True
USR-57428,patricia00@example.org,Haley Anderson,True
USR-23875,ksmith@example.com,Carol Colon,True
USR-87184,bsmith@example.org,Joseph Warren,True
USR-20308,nicoleturner@example.com,Brandi Ferrell,True
USR-50668,penajohn@example.com,Travis Hull,True
USR-39041,brettgarrett@example.net,Nicholas Anderson,True
USR-32037,rubendavis@example.org,Jacob Santos,True
USR-92998,lewischristian@example.net,Dawn Nichols,True
USR-76840,aprilwallace@example.org,Mary Valdez MD,True
USR-55793,lisa62@example.com,Caleb King,True
USR-94599,perezchristopher@example.org,Lorraine Turner,True
USR-40968,edwardsnicole@example.org,Lisa Haynes,True
USR-43550,wayala@example.org,Kayla Williamson,True
USR-88957,caseyelliott@example.net,Kathleen Lynch,True
USR-95918,scottbowen@example.net,Heather Ortiz,True
USR-92306,samanthajensen@example.com,Susan Watts,True
USR-83889,christophergarcia@example.org,Michael Meadows,True
USR-68838,bbell@example.com,Travis Chan Jr.,True
USR-83989,johnnewman@example.org,David Hinton,True
USR-91857,kimberly04@example.org,Brett Thompson,True
USR-92210,juliephillips@example.org,Robert Edwards,True
USR-67640,troyrodriguez@example.com,Charles Holland,True
USR-67961,ricetiffany@example.com,Tina Adams,True
USR-46002,david96@example.com,Catherine Morales,True
USR-56129,kathrynbest@example.org,Melissa Mendoza,True
USR-50685,matthewsalexander@example.org,Carol Anderson,True
USR-14929,livingstonstacy@example.com,Jason Garza,True
USR-47627,courtney86@example.com,Logan Maxwell,True
USR-21835,imiller@example.net,Sheryl Acosta,True
USR-76462,joshuacollins@example.net,Jason Williams,True
USR-86064,terrimoore@example.com,Michael Gregory,True
USR-15376,wwillis@example.net,Vanessa Santiago,True
USR-84928,collinssamuel@example.org,Mercedes Davis,True
USR-52143,sanchezsandy@example.org,Michael Cruz,True
USR-75715,dsalazar@example.com,Amy Schneider MD,True
USR-18109,davidzimmerman@example.net,Christopher Walton MD,True
USR-55015,martinstephanie@example.net,Daniel Schneider,True
USR-21053,gary24@example.net,Jimmy Solis,True
USR-32617,wiseanthony@example.com,Jillian Wilson,True
USR-67595,alexandria49@example.net,Brandon Munoz,True
USR-89928,crawfordwilliam@example.org,Kristina Pena,True
USR-58870,kvillarreal@example.com,Anthony Walker,True
USR-60779,jonathangarcia@example.net,Lisa Kennedy,True
USR-54350,perezwilliam@example.org,Brent Hopkins,True
USR-16863,sanchezthomas@example.com,Mark Marsh,True
USR-94843,haroldhorne@example.org,Brian Prince,True
USR-53213,pwalker@example.com,Natalie Ortiz,True
USR-98916,joseph19@example.com,Bryan Phelps,True
USR-43029,shawrachel@example.org,Cheryl Morgan,True
USR-96057,lindajarvis@example.com,Sara Chapman,True
USR-88997,wileymichelle@example.com,Tina Taylor,True
USR-53694,christopher70@example.com,Amber Mcconnell,True
USR-96980,kellymueller@example.net,Priscilla Kent,True
USR-55851,stevenvargas@example.com,Betty Hughes,True
USR-95990,jessicapayne@example.org,Janice Petty,True
USR-61374,adamortiz@example.org,Grant Phillips,True
USR-21104,cynthia05@example.org,Michael Goodman,True
USR-59372,usweeney@example.com,Shannon Joseph,True
USR-53054,harristonya@example.com,Daniel Klein,True
USR-97833,jwoodward@example.net,Vicki Santos,True
USR-99838,christopher38@example.com,Mallory Page,True
USR-22249,stephen19@example.org,Mr. Michael Butler,True
USR-65496,danafoster@example.net,Jenny Smith,True
USR-12389,grahamtamara@example.org,Anthony Brown,True
USR-33627,jose56@example.net,Victoria Vega,True
USR-54791,louis43@example.org,Richard Harris,True
USR-73736,derekcarrillo@example.org,Jesse Jensen,True
USR-28030,danielcole@example.com,Matthew Price,True
USR-48770,wmartinez@example.org,Melissa Schwartz,True
USR-23256,qparker@example.org,Jason French,True
USR-80748,mooregina@example.net,Patrick Harris,True
USR-79013,lewismelissa@example.org,Mark Mckinney,True
USR-91006,dawsontanya@example.com,Michael Lopez,True
USR-59377,byrdjorge@example.org,Andrew Ramirez,True
USR-33703,cranemelissa@example.net,Ryan Smith,True
USR-91885,codygarcia@example.org,Amanda Mcfarland,True
USR-31697,smithmaria@example.org,Kenneth Howard DDS,True
USR-15726,jamesmorales@example.net,Clinton Jones,True
USR-98652,aguilarjonathan@example.org,Jennifer Bailey,True
USR-68222,osbornjames@example.net,Isaac Robinson,True
USR-68841,flamb@example.com,Samantha Zavala MD,True
USR-41348,williamssteven@example.org,Martin Sellers,True
USR-71474,zunderwood@example.com,Erica Moon,True
USR-35430,reyesronald@example.com,Nathaniel Johnson,True
USR-84766,rebekahhill@example.com,Kayla Hicks,True
USR-70513,austinharvey@example.org,Cheryl Palmer,True
USR-60052,victor87@example.org,Patricia Ferguson,True
USR-64874,ramirezderrick@example.org,Patricia Hancock,True
USR-36174,crystalpham@example.org,Joshua Park,True
USR-28140,wcasey@example.com,Andrea Parks,True
USR-16839,kcooper@example.net,Amanda Jones,True
USR-58655,paul20@example.com,Benjamin Underwood,True
USR-23446,anthonycochran@example.com,Mark Hamilton,True
USR-77621,stokesthomas@example.com,Aaron Cortez,True
USR-47363,terrigarcia@example.net,Amber Charles,True
USR-31012,josephvelasquez@example.net,Donna Jennings,True
USR-77286,gallagherstacie@example.net,Timothy James,True
USR-67340,lkelly@example.org,Daniel Francis,True
USR-39102,brittanydrake@example.net,Brianna Byrd,True
USR-55820,robin05@example.net,Kristen Martinez,True
USR-64381,annalopez@example.com,Kimberly Arroyo,True
USR-75799,gregory01@example.org,Molly Lewis,True
USR-60615,carolynsmith@example.com,Daniel Davenport,True
USR-59140,riverachristina@example.org,Robert Phelps,True
USR-51770,jennifer50@example.org,Angel Powers,True
USR-95191,brendastark@example.org,Kevin Lynn,True
USR-29142,susan56@example.net,Cynthia Mitchell,True
USR-47601,rogersmarcus@example.org,John Murphy,True
USR-71925,fconner@example.net,Krystal Diaz,True
USR-28191,grant89@example.com,Erik Floyd,True
USR-71487,elizabetholsen@example.com,Brandy Quinn,True
USR-10688,jessica42@example.org,Raymond Tucker,True
USR-12490,rushstacy@example.com,Angela Ramirez,True
USR-29597,whitelucas@example.net,Deborah Mercado,True
USR-89807,daniellegarcia@example.com,Albert Hunter,True
USR-24573,markmiller@example.com,Jennifer Lawrence,True
USR-41147,gary15@example.com,Yvonne Kennedy,True
USR-16258,bakerjohn@example.org,Steven Lawrence,True
USR-93748,jonathan10@example.org,Jordan Sanders,True
USR-69914,akim@example.org,Sarah Drake,True
USR-75513,ysnyder@example.com,Jose Griffin,True
USR-12154,egarcia@example.net,Mary Faulkner,True
USR-85372,franciscojones@example.org,Daniel Freeman,True
USR-28818,andrew41@example.org,Andrew Clark,True
USR-10205,george62@example.net,Jesse Williams,True
USR-41531,paynerachael@example.org,Kelly Gallegos,True
USR-34551,brooke97@example.net,Jamie Gray,True
USR-21221,reynoldsdesiree@example.net,Angela King,True
USR-57265,gmoore@example.com,Robert Reed,True
USR-78951,terriortiz@example.net,Kathryn Taylor,True
USR-76535,donna43@example.org,Mason Lewis,True
USR-61177,longandrea@example.com,Ruth Guerrero,True
USR-15706,briansmith@example.org,Brian Leonard,True
USR-58929,madison97@example.org,Maria Jenkins,True
USR-12128,johnsongeorge@example.com,Kevin Taylor,True
USR-18855,wellsdarrell@example.com,Bridget Jackson,True
USR-96127,qburns@example.com,Linda Elliott,True
USR-86271,maypaul@example.com,Mary Campbell,True
USR-53583,cwood@example.org,Willie Dillon,True
USR-56176,scott43@example.com,Charles Aguilar,True
USR-94252,hernandezheather@example.org,Deborah Ramsey,True
USR-99742,barnettlindsey@example.com,Kevin Hall,True
USR-72722,angelarandall@example.net,Dale Heath,True
USR-27675,rsheppard@example.com,Chase Davis,True
USR-69988,thomasmiller@example.net,Amanda Bowers,True
USR-36144,shawrachel@example.net,Patricia Banks,True
USR-51365,davidtodd@example.org,Andrew Moreno,True
USR-77552,teresastokes@example.org,Rachel James,True
USR-81176,hendersonvanessa@example.com,Pam Horton,True
USR-14799,wendyburton@example.net,Ralph Kent,True
USR-35048,luis11@example.com,Kimberly Scott,True
USR-16265,rarnold@example.net,Adrienne Mills,True
USR-53506,astark@example.net,Melissa Stewart,True
USR-58237,jrodriguez@example.org,Matthew King,True
USR-62431,buckleyanna@example.org,Lisa Braun,True
USR-60678,mikayla56@example.com,Juan Grant,True
USR-34486,kpena@example.net,Karen Hinton,True
USR-75211,rjohnson@example.com,Jennifer Taylor,True
USR-78062,christinebecker@example.com,Richard Avery,True
USR-20828,fosternatasha@example.net,Rachel Owen,True
USR-20345,brandonalvarez@example.com,Amy Price,True
USR-33652,andrew44@example.com,Charles Frost,True
USR-52101,rgarrison@example.org,Jacob Lynch,True
USR-52981,dennismccann@example.com,Miss Kelly Dawson,True
USR-50173,joseph69@example.net,Jessica Harris,True
USR-65851,lopezjason@example.com,Richard Dixon,True
USR-68183,xmalone@example.org,Andrew Allen,True
USR-15551,cameronmckinney@example.com,Donald Ross,True
USR-56210,kimberlywarren@example.net,Kelly Mclaughlin,True
USR-67008,thompsonnancy@example.org,Duane Gallegos,True
USR-17518,wrightstephen@example.com,Robert Perez,True
USR-93560,joshuacolon@example.net,Laura Green,True
USR-77251,hreid@example.net,Benjamin Phillips,True
USR-99051,allentracy@example.com,Deanna Medina,True
USR-14081,susanwells@example.net,Tracy Hart,True
USR-89635,max41@example.com,Judy Murray,True
USR-67432,hughesfrank@example.net,Brian Jones,True
USR-94562,mercedesholland@example.net,Mercedes Baker,True
USR-60181,josephortiz@example.org,Paul Peterson,True
USR-14244,wellsdavid@example.org,Erik Robinson,True
USR-99006,walkercharlene@example.com,Paul Conrad,True
USR-58623,rodney65@example.com,David Baker,True
USR-20077,jeffery48@example.net,Sara Kelly,True
USR-79397,asilva@example.net,Megan Alvarado,True
USR-51207,anna99@example.com,Kimberly Williams,True
USR-42717,gabrielle71@example.com,Steven Ibarra,True
USR-13396,danielle44@example.net,William Moon IV,True
USR-75410,jacob83@example.org,Amy Lloyd,True
USR-83619,rguerrero@example.org,Kathryn Long,True
USR-44116,rioswhitney@example.com,Melissa Stevens,True
USR-38124,vsullivan@example.org,Jamie Garcia,True
USR-47431,matthewreeves@example.net,Chelsea Baker,True
USR-74382,qknox@example.com,Grace White,True
USR-27790,megan82@example.com,Paul Diaz,True
USR-69250,ruizjoyce@example.net,Carlos Johnston,True
USR-68341,staceylam@example.net,Devin Young,True
USR-99381,walkerjeffrey@example.com,Charles Haley,True
USR-51889,vfrench@example.com,Cassandra Porter,True
USR-18511,brenda71@example.com,Rachel Evans,True
USR-48058,delacruzbrandy@example.net,Brett Martin,True
USR-30644,kennedyjames@example.org,Ryan Davis,True
USR-93584,amoreno@example.org,Justin Frederick,True
USR-57381,derrickgonzalez@example.com,Gregory Frazier,True
USR-25907,tthomas@example.org,Marie Ryan,True
USR-28202,freemancrystal@example.org,Jordan Hampton,True
USR-74752,cynthia07@example.com,Louis Ford,True
USR-58353,kathleenjackson@example.org,Andrea Martin,True
USR-82305,xglover@example.org,Eddie Adams,True
USR-21300,christinaschultz@example.com,Priscilla Mcmillan,True
USR-62187,ysanford@example.org,Jennifer White,True
USR-72739,fergusonjessica@example.org,Mary Shepard,True
USR-63665,katherine83@example.org,Brian Brown,True
USR-19666,simsjohn@example.net,Randy Warren,True
USR-51553,larry16@example.net,Christopher Pena,True
USR-68979,gary04@example.com,Oscar Ramos,True
USR-77811,mluna@example.net,Carolyn Johnson,True
USR-82260,ryan25@example.com,Sharon Mcdonald,True
USR-33850,karen26@example.org,Jeremy Montes,True
USR-26912,jeffreymercer@example.org,Lynn Fields,True
USR-17263,lawrencegary@example.com,Margaret Collins,True
USR-77908,brooksdanielle@example.net,Regina Ramos,True
USR-31581,wheelerbrandon@example.org,Eric Smith,True
USR-39552,williamsdarrell@example.com,Joseph Watts,True
USR-78012,qmartinez@example.com,Ralph Yates,True
USR-20336,jamiejennings@example.org,James Jenkins,True
USR-93238,robert18@example.com,Christopher Mclaughlin,True
USR-45972,robertroach@example.net,Dennis Henderson,True
USR-49691,campbellkristen@example.com,Melinda Mitchell,True
USR-22245,chelseastrickland@example.net,Scott White,True
USR-32103,michaelortiz@example.org,Lisa Nelson,True
USR-86106,kelleyrenee@example.net,Alec Williams,True
USR-96341,arivera@example.org,Brian Adams,True
USR-89316,meadowsmary@example.net,Brandon Smith,True
USR-83874,fhernandez@example.net,Richard Jimenez,True
USR-20646,cummingscraig@example.com,James Daniels,True
USR-85598,stephenmadden@example.com,Janice Proctor,True
USR-37631,lwilliams@example.org,Christina Moss MD,True
USR-64602,michael56@example.net,Emily Morris,True
USR-13969,daviskatherine@example.org,Kelly King,True
USR-92203,christianelizabeth@example.org,Anthony Estrada,True
USR-94136,michael79@example.com,Erika Jackson,True
USR-73300,watsonmatthew@example.org,Richard Smith,True
USR-99783,dross@example.com,Karen Carlson,True
USR-69446,evaughn@example.com,Christopher Davis,True
USR-17852,danielhorton@example.org,Amy Newman,True
USR-64476,dalepruitt@example.com,John Stewart,True
USR-36741,ywhite@example.com,Hannah Snow,True
USR-28830,huffmannichole@example.net,Heather Taylor,True
USR-51853,timothyfreeman@example.com,Kristin Daniels,True
USR-55268,qwilliams@example.net,Kimberly Morris,True
USR-27139,alexander89@example.net,Linda Valencia,True
USR-77499,tiffanysantiago@example.com,Joanna Weiss,True
USR-51827,reynoldsjessica@example.com,Ricardo Hunter,True
USR-26059,elizabeth62@example.net,Scott Parsons,True
USR-42495,smithsarah@example.net,Mary Ryan,True
USR-16632,kchristian@example.org,Kathleen Arnold,True
USR-60351,vflores@example.com,Martin Rodriguez,True
USR-64805,hunterandrea@example.com,Russell Anderson,True
USR-30932,fmontoya@example.com,Corey Johnson,True
USR-85718,csolis@example.org,Marcus Garza Jr.,True
USR-34881,hwest@example.com,Alexis Mccall,True
USR-75308,garciarobert@example.net,Julie Fowler,True
USR-71186,petersenlatoya@example.net,Rebecca Brown,True
USR-50441,pamela83@example.net,Morgan Davenport,True
USR-21802,xclements@example.org,Anne Hardy,True
USR-76249,meganrivera@example.net,Joseph Wright,True
USR-41552,xmoran@example.net,Jennifer Garcia,True
USR-56254,wwilson@example.net,Michele Simmons,True
USR-88317,aaronkelly@example.net,Harold Edwards,True
USR-95755,amy51@example.org,Phillip Jordan,True
USR-47453,travisunderwood@example.net,Joshua Brooks,True
USR-24089,nrodriguez@example.org,Heather Chavez,True
USR-44664,davidphelps@example.org,Victoria Larson,True
USR-62855,msummers@example.net,Elizabeth Evans MD,True
USR-62505,daniel60@example.net,Terri Short,True
USR-83638,bartonshannon@example.net,Laura Davis,True
USR-82512,tamarasmith@example.net,Derek Preston,True
USR-60639,tranryan@example.net,Anna Ross,True
USR-82070,xglass@example.org,Frederick Olson,True
USR-91689,jessicaanderson@example.com,Michele Weiss,True
USR-25572,william66@example.net,Amanda Stokes,True
USR-22672,joshuastuart@example.com,Tammy Cook,True
USR-54444,iballard@example.com,Barbara Townsend,True
USR-57920,megan85@example.net,Richard Reyes,True
USR-36090,jamesweber@example.com,Karl Murphy,True
USR-62610,samantha22@example.net,Nicholas Long,True
USR-15938,jennifer58@example.com,Ann Reynolds,True
USR-15100,icraig@example.com,Jenny Smith,True
USR-27961,johnsondustin@example.net,Derek Floyd,True
USR-53652,frances20@example.net,Christina Weaver,True
USR-72094,lisa19@example.net,Sharon Newton,True
USR-78069,yyoung@example.net,Matthew House,True
USR-69898,ybutler@example.net,Juan Smith,True
USR-29521,james73@example.net,Maria Fischer,True
USR-89463,kimberlybrandt@example.com,William Jones,True
USR-77568,jillwilson@example.org,Justin Anderson,True
USR-28321,adam72@example.org,Frank Williams,True
USR-52987,tracy98@example.com,Michael Fox,True
USR-90356,abigailhartman@example.org,Joshua Davis,True
USR-51750,nicolealvarado@example.com,Daniel Goodwin,True
USR-31299,wbarajas@example.net,Michael Griffin,True
USR-61505,susanfleming@example.com,Robert Wilson,True
USR-90805,amber40@example.net,Jaime Lang,True
USR-49221,stucker@example.net,Jose Vaughan,True
USR-87820,teresaayala@example.net,Austin Santiago,True
USR-54089,michellecoleman@example.org,Ronald Johns,True
USR-76494,elucas@example.net,Allison Love,True
USR-76809,millerbrian@example.com,Laura Perez,True
USR-79774,rickey76@example.com,James Wilson,True
USR-74205,maychristine@example.net,Mercedes Jones,True
USR-83783,robertsgina@example.net,Preston Kim,True
USR-49294,bshort@example.com,Daniel Francis,True
USR-72245,susan24@example.net,Traci Camacho,True
USR-12180,susan08@example.net,Andrew Armstrong,True
USR-58281,fmedina@example.com,Patrick Swanson,True
USR-53416,robertbrewer@example.net,Clinton Jensen,True
USR-98317,james29@example.org,Tara Gamble,True
USR-24366,enewman@example.com,Danielle Gonzalez,True
USR-64596,wlynn@example.org,Cynthia Mitchell,True
USR-86507,mcculloughlouis@example.com,Matthew Steele,True
USR-50327,arianadiaz@example.com,Caroline Edwards,True
USR-92478,jenniferdavidson@example.com,Brandy Quinn,True
USR-13492,wford@example.com,Mr. Matthew Miller,True
USR-88238,michele28@example.org,Stephen Jones,True
USR-72205,mcclainmelissa@example.net,Kevin Sullivan,True
USR-44803,rebeccaarnold@example.net,Kimberly Valdez,True
USR-95929,michaelwalker@example.net,Donna Marshall,True
USR-85821,sanderswayne@example.net,Victor Holden,True
USR-85711,katherinetaylor@example.org,Travis Hopkins,True
USR-39824,jillwebb@example.com,Philip Hall,True
USR-16731,mike03@example.net,Heather Harrison,True
USR-86483,ckeith@example.net,Michael Boyd,True
USR-72973,mary49@example.net,Jamie Gray,True
USR-32349,blacknicholas@example.org,Heather Parrish,True
USR-78712,msparks@example.org,Brenda Martin,True
USR-92447,robertsonjuan@example.org,Jack Love,True
USR-91230,guerrerorobert@example.com,Karen Mendoza,True
