team_id,team_name,department_id
TEAM000,Multi-Tiered Radical Local Area Network Squad,DEP001
TEAM001,Progressive Eco-Centric Neural-Net Squad,DEP001
TEAM002,Advanced Systemic Success Squad,DEP006
TEAM003,Customizable Systemic Monitoring Squad,DEP001
TEAM004,Versatile Encompassing Throughput Squad,DEP005
TEAM005,Stand-Alone Global Budgetary Management Squad,DEP013
TEAM006,Implemented Intermediate Complexity Squad,DEP005
TEAM007,Persevering 24Hour Success Squad,DEP009
TEAM008,Up-Sized Empowering Middleware Squad,DEP004
TEAM009,Virtual Context-Sensitive Middleware Squad,DEP012
TEAM010,Customer-Focused Responsive Framework Squad,DEP000
TEAM011,Sharable Motivating Portal Squad,DEP011
TEAM012,Exclusive Coherent Hub Squad,DEP007
TEAM013,Virtual Cohesive Moratorium Squad,DEP008
TEAM014,Vision-Oriented Multi-Tasking Ability Squad,DEP001
TEAM015,Right-Sized Fresh-Thinking Matrix Squad,DEP014
TEAM016,Ameliorated Bifurcated Hierarchy Squad,DEP006
TEAM017,Integrated Disintermediate Approach Squad,DEP001
TEAM018,Front-Line Non-Volatile Artificial Intelligence Squad,DEP008
TEAM019,Configurable Upward-Trending Matrix Squad,DEP004
TEAM020,Cloned Well-Modulated Monitoring Squad,DEP013
TEAM021,Visionary Clear-Thinking Capacity Squad,DEP010
TEAM022,Switchable Methodical Neural-Net Squad,DEP009
TEAM023,Down-Sized Empowering Moderator Squad,DEP014
TEAM024,Robust Interactive Data-Warehouse Squad,DEP013
TEAM025,Quality-Focused Web-Enabled Superstructure Squad,DEP005
TEAM026,Team-Oriented Dedicated Structure Squad,DEP009
TEAM027,Integrated Impactful Secured Line Squad,DEP003
TEAM028,Streamlined Holistic Intranet Squad,DEP011
TEAM029,Programmable Local Capability Squad,DEP001
TEAM030,Fully-Configurable Directional Architecture Squad,DEP000
TEAM031,Mandatory 3Rdgeneration Parallelism Squad,DEP010
TEAM032,Reactive Discrete Parallelism Squad,DEP003
TEAM033,Face-To-Face 24Hour Archive Squad,DEP012
TEAM034,Triple-Buffered Responsive Approach Squad,DEP004
TEAM035,Focused Asymmetric Alliance Squad,DEP001
TEAM036,Managed Asynchronous Migration Squad,DEP013
TEAM037,Front-Line Even-Keeled Secured Line Squad,DEP003
TEAM038,Pre-Emptive Didactic Moratorium Squad,DEP013
TEAM039,De-Engineered Uniform Orchestration Squad,DEP001
